srno,presz,postsz ,inc ,year ,lf,y1,y2,y3,post,shell,pre_82,pre_all,,,,,,,,
1,113.6,127.7,14.1,NA,0,0,0,0,116.8,1,98.056,99.116,,82,1.125564937,-33.40970383,pre_all,shell,,
2,118.1,133.2,15.1,NA,0,0,0,0,117.1,1,98.394,99.448,,all,1.107278,-30.2141,<100,0,,
3,119.9,135.3,15.4,NA,0,0,0,0,118.4,1,99.857,100.888,,,,,,,,
4,126.2,143.3,17.1,NA,0,0,0,0,119.6,1,101.208,102.216,,,,,,,,
5,126.7,139.3,12.6,NA,0,0,0,0,120.1,1,101.771,102.77,,,,,,1,Unmolted,Molted
6,127.3,140.2,12.9,NA,0,0,0,0,120.4,1,102.108,103.102,100,<100,3,3,<100,1,1,2
7,128.2,143.8,15.6,NA,0,0,0,0,120.6,1,102.333,103.324,110,<110,20,17,<110,3,2,15
8,129.5,144.6,15.1,NA,0,0,0,0,122.6,1,104.585,105.538,120,<120,69,49,<120,7,4,45
9,130.5,147.6,17.1,NA,0,0,0,0,123.5,1,105.598,106.535,130,<130,134,65,<130,10,3,62
10,131.6,144.8,13.2,NA,0,0,0,0,123.9,1,106.048,106.978,140,<140,175,41,<140,17,7,34
11,131.7,146.8,15.1,NA,0,0,0,0,124.6,1,106.836,107.753,150,<150,274,99,<150,76,59,40
12,132.2,145.9,13.7,NA,0,0,0,0,125.3,1,107.624,108.528,160,<160,345,71,<160,144,68,3
13,132.4,151,18.6,NA,0,0,0,0,125.8,1,108.186,109.081,170,<170,362,17,<170,161,17,0
14,132.8,148.7,15.9,NA,0,0,0,0,125.8,1,108.186,109.081,,,,,,,,
15,132.8,147.8,15,NA,0,0,0,0,126,1,108.411,109.303,,,,,,,,
16,133.6,148.3,14.7,NA,0,0,0,0,126.5,1,108.974,109.857,,,,,,,,
17,133.8,149.2,15.4,NA,0,0,0,0,126.5,1,108.974,109.857,,,,,,,,
18,134.1,149,14.9,NA,0,0,0,0,127,1,109.537,110.41,,,,,,,,
19,134.3,149.2,14.9,NA,0,0,0,0,127.1,1,109.65,110.521,,,,,,,,
20,134.6,148.7,14.1,NA,0,0,0,0,127.6,1,110.212,111.075,,,,,,,,
21,135.2,149,13.8,NA,0,0,0,0,127.9,1,110.55,111.407,,,,,,,,
22,135.2,151.1,15.9,NA,0,0,0,0,128,1,110.663,111.517,,,,,,,,
23,135.5,150.4,14.9,NA,0,0,0,0,128.3,1,111,111.85,,,,,,,,
24,135.6,149.4,13.8,NA,0,0,0,0,128.3,1,111,111.85,,,,,,,,
25,136.1,150,13.9,NA,0,0,0,0,128.5,1,111.225,112.071,,,,,,,,
26,136.2,151,14.8,NA,0,0,0,0,128.8,1,111.563,112.403,,,,,,,,
27,136.3,150,13.7,NA,0,0,0,0,129.1,1,111.901,112.735,,,,,,,,
28,136.4,150.7,14.3,NA,0,0,0,0,129.3,1,112.126,112.957,,,,,,,,
29,136.7,147.6,10.9,NA,0,0,0,0,129.3,1,112.126,112.957,,,,,,,,
30,136.8,151.9,15.1,NA,0,0,0,0,129.4,1,112.238,113.068,,,,,,,,
31,136.9,151.5,14.6,NA,0,0,0,0,130,1,112.914,113.732,,,,,,,,
32,137.3,151.1,13.8,NA,0,0,0,0,130,1,112.914,113.732,,,,,,,,
33,137.4,151,13.6,NA,0,0,0,0,130,1,112.914,113.732,,,,,,,,
34,137.6,151.8,14.2,NA,0,0,0,0,131.1,1,114.152,114.95,,,,,,,,
35,137.6,150.9,13.3,NA,0,0,0,0,131.2,1,114.264,115.061,,,,,,,,
36,137.6,150,12.4,NA,0,0,0,0,131.3,1,114.377,115.172,,,,,,,,
37,138,154,16,NA,0,0,0,0,131.3,1,114.377,115.172,,,,,,,,
38,138.2,152.6,14.4,NA,0,0,0,0,131.7,1,114.827,115.614,,,,,,,,
39,138.3,152.6,14.3,NA,0,0,0,0,131.8,1,114.94,115.725,,,,,,,,
40,138.3,152.6,14.3,NA,0,0,0,0,132,1,115.165,115.947,,,,,,,,
41,138.3,151.1,12.8,NA,0,0,0,0,132.1,1,115.277,116.057,,,,,,,,
42,138.5,151.4,12.9,NA,0,0,0,0,132.2,1,115.39,116.168,,,,,,,,
43,138.9,155,16.1,NA,0,0,0,0,132.2,1,115.39,116.168,,,,,,,,
44,139.2,151.8,12.6,NA,0,0,0,0,132.2,1,115.39,116.168,,,,,,,,
45,139.5,154.2,14.7,NA,0,0,0,0,132.3,1,115.503,116.279,,,,,,,,
46,139.5,154,14.5,NA,0,0,0,0,132.8,1,116.065,116.832,,,,,,,,
47,140,151.9,11.9,NA,0,0,0,0,132.8,1,116.065,116.832,,,,,,,,
48,140.1,155.5,15.4,NA,0,0,0,0,133.3,1,116.628,117.386,,,,,,,,
49,140.2,155.9,15.7,NA,0,0,0,0,133.5,1,116.853,117.608,,,,,,,,
50,140.3,153.1,12.8,NA,0,0,0,0,133.6,1,116.966,117.718,,,,,,,,
51,140.3,155.4,15.1,NA,0,0,0,0,133.9,1,117.303,118.05,,,,,,,,
52,140.6,154.2,13.6,NA,0,0,0,0,133.9,1,117.303,118.05,,,,,,,,
53,140.7,153,12.3,NA,0,0,0,0,133.9,1,117.303,118.05,,,,,,,,
54,141,151.7,10.7,NA,0,0,0,0,134,1,117.416,118.161,,,,,,,,
55,141.3,153.4,12.1,NA,0,0,0,0,134,1,117.416,118.161,,,,,,,,
56,141.3,154,12.7,NA,0,0,0,0,134.9,1,118.429,119.158,,,,,,,,
57,141.3,155.6,14.3,NA,0,0,0,0,135.1,1,118.654,119.379,,,,,,,,
58,141.3,156.2,14.9,NA,0,0,0,0,135.1,1,118.654,119.379,,,,,,,,
59,141.5,155.6,14.1,NA,0,0,0,0,135.2,1,118.767,119.49,,,,,,,,
60,142,154.3,12.3,NA,0,0,0,0,135.4,1,118.992,119.711,,,,,,,,
61,142,158.2,16.2,NA,0,0,0,0,135.5,1,119.104,119.822,,,,,,,,
62,142.3,155.6,13.3,NA,0,0,0,0,135.6,1,119.217,119.933,,,,,,,,
63,142.3,156.5,14.2,NA,0,0,0,0,135.8,1,119.442,120.154,,,,,,,,
64,142.4,157.3,14.9,NA,0,0,0,0,136,1,119.667,120.376,,,,,,,,
65,142.7,155.8,13.1,NA,0,0,0,0,136.1,1,119.78,120.486,,,,,,,,
66,142.9,156.6,13.7,NA,0,0,0,0,136.2,1,119.892,120.597,,,,,,,,
67,143,155.9,12.9,NA,0,0,0,0,136.4,1,120.117,120.819,,,,,,,,
68,143.1,156.6,13.5,NA,0,0,0,0,136.7,1,120.455,121.151,,,,,,,,
69,143.5,155,11.5,NA,0,0,0,0,137,1,120.793,121.483,,,,,,,,
70,143.6,158.2,14.6,NA,0,0,0,0,137,1,120.793,121.483,,,,,,,,
71,143.7,158.7,15,NA,0,0,0,0,137.2,1,121.018,121.704,,,,,,,,
72,143.7,155.9,12.2,NA,0,0,0,0,137.7,1,121.581,122.258,,,,,,,,
73,143.7,159.1,15.4,NA,0,0,0,0,138,1,121.918,122.59,,,,,,,,
74,143.9,155.6,11.7,NA,0,0,0,0,138.4,1,122.368,123.033,,,,,,,,
75,144,158.6,14.6,NA,0,0,0,0,138.6,1,122.594,123.255,,,,,,,,
76,144.5,154.3,9.8,NA,0,0,0,0,138.6,1,122.594,123.255,,,,,,,,
77,144.6,161.6,17,NA,0,0,0,0,138.7,1,122.706,123.365,,,,,,,,
78,144.6,157,12.4,NA,0,0,0,0,138.7,1,122.706,123.365,,,,,,,,
79,144.7,154.6,9.9,NA,0,0,0,0,138.7,1,122.706,123.365,,,,,,,,
80,145,157.9,12.9,NA,0,0,0,0,138.9,1,122.931,123.587,,,,,,,,
81,145.2,160,14.8,NA,0,0,0,0,138.9,1,122.931,123.587,,,,,,,,
82,145.4,159.9,14.5,NA,0,0,0,0,138.9,1,122.931,123.587,,,,,,,,
83,145.4,157.1,11.7,NA,0,0,0,0,139,1,123.044,123.698,,,,,,,,
84,145.7,159.9,14.2,NA,0,0,0,0,139,1,123.044,123.698,,,,,,,,
85,145.7,157,11.3,NA,0,0,0,0,139.1,1,123.156,123.808,,,,,,,,
86,145.7,159.6,13.9,NA,0,0,0,0,139.2,1,123.269,123.919,,,,,,,,
87,145.9,160.6,14.7,NA,0,0,0,0,139.3,1,123.381,124.03,,,,,,,,
88,146,155.6,9.6,NA,0,0,0,0,139.3,1,123.381,124.03,,,,,,,,
89,147.2,159.6,12.4,NA,0,0,0,0,139.3,1,123.381,124.03,,,,,,,,
90,147.4,162.7,15.3,NA,0,0,0,0,139.4,1,123.494,124.14,,,,,,,,
91,147.6,158.3,10.7,NA,0,0,0,0,139.4,1,123.494,124.14,,,,,,,,
92,148,160.1,12.1,NA,0,0,0,0,139.4,1,123.494,124.14,,,,,,,,
93,148.1,163.7,15.6,NA,0,0,0,0,139.5,1,123.607,124.251,,,,,,,,
94,148.1,163.2,15.1,NA,0,0,0,0,139.5,1,123.607,124.251,,,,,,,,
95,151,164.7,13.7,NA,0,0,0,0,139.8,1,123.944,124.583,,,,,,,,
96,151.2,163.5,12.3,NA,0,0,0,0,140,1,124.169,124.805,,,,,,,,
97,153.9,166.5,12.6,NA,0,0,0,0,140.2,1,124.395,125.026,,,,,,,,
98,115.6,130.8,15.2,NA,0,0,0,0,140.3,1,124.507,125.137,,,,,,,,
99,123,141.6,18.6,NA,0,0,0,0,140.5,1,124.732,125.358,,,,,,,,
100,124.4,142.5,18.1,NA,0,0,0,0,140.6,1,124.845,125.469,,,,,,,,
101,136.1,147.5,11.4,NA,0,0,0,0,140.6,1,124.845,125.469,,,,,,,,
102,136.9,151.4,14.5,NA,0,0,0,0,141,1,125.295,125.912,,,,,,,,
103,138.6,154.2,15.6,NA,0,0,0,0,141,1,125.295,125.912,,,,,,,,
104,139.7,152.3,12.6,NA,0,0,0,0,141.3,1,125.633,126.244,,,,,,,,
105,139.8,159.5,19.7,NA,0,0,0,0,141.4,1,125.745,126.355,,,,,,,,
106,141.3,156.6,15.3,NA,0,0,0,0,141.4,1,125.745,126.355,,,,,,,,
107,143.7,154.6,10.9,NA,0,0,0,0,141.4,1,125.745,126.355,,,,,,,,
108,144.2,157.8,13.6,NA,0,0,0,0,141.4,1,125.745,126.355,,,,,,,,
109,146.4,161.7,15.3,NA,0,0,0,0,141.4,1,125.745,126.355,,,,,,,,
110,147.8,160.6,12.8,NA,0,0,0,0,141.6,1,125.97,126.576,,,,,,,,
111,147.9,156,8.1,NA,0,0,0,0,141.6,1,125.97,126.576,,,,,,,,
112,142.3,154.8,12.5,81,1,0,0,1,141.7,1,126.083,126.687,,,,,,,,
113,125.1,142.5,17.4,81,1,0,0,1,142.2,1,126.646,127.241,,,,,,,,
114,140.8,154.9,14.1,81,1,0,0,1,142.4,1,126.871,127.462,,,,,,,,
115,122.4,136.5,14.1,81,1,0,0,1,142.5,1,126.983,127.573,,,,,,,,
116,133.2,146.6,13.4,81,1,0,0,1,142.9,1,127.434,128.016,,,,,,,,
117,138.9,151.5,12.6,81,1,0,0,1,143,1,127.546,128.127,,,,,,,,
118,143.1,154.4,11.3,81,1,0,0,1,143.1,1,127.659,128.237,,,,,,,,
119,139.7,152.2,12.5,81,1,0,0,1,143.2,1,127.771,128.348,,,,,,,,
120,140.4,155.3,14.9,81,1,0,0,1,143.5,1,128.109,128.68,,,,,,,,
121,116.6,133.3,16.7,81,1,0,0,1,143.6,1,128.221,128.791,,,,,,,,
122,137.4,149.7,12.3,81,1,0,0,1,143.8,1,128.447,129.012,,,,,,,,
123,143,157.5,14.5,81,1,0,0,1,144,1,128.672,129.234,,,,,,,,
124,143.2,155.3,12.1,81,1,0,0,1,144,1,128.672,129.234,,,,,,,,
125,140.8,152.9,12.1,81,1,0,0,1,144.8,1,129.572,130.12,,,,,,,,
126,140.7,154.3,13.6,81,1,0,0,1,145.2,1,130.022,130.563,,,,,,,,
127,130.8,143.1,12.3,81,1,0,0,1,145.3,1,130.135,130.673,,,,,,,,
128,131.8,145.2,13.4,81,1,0,0,1,145.3,1,130.135,130.673,,,,,,,,
129,120.6,135.4,14.8,81,1,0,0,1,145.4,1,130.247,130.784,,,,,,,,
130,140.1,153.5,13.4,81,1,0,0,1,145.6,1,130.473,131.006,,,,,,,,
131,133,148.9,15.9,81,1,0,0,1,146.1,1,131.035,131.559,,,,,,,,
132,122.9,139.1,16.2,81,1,0,0,1,146.3,1,131.26,131.781,,,,,,,,
133,143,155.4,12.4,81,1,0,0,1,146.8,1,131.823,132.334,,,,,,,,
134,139.5,154.7,15.2,81,1,0,0,1,147.4,1,132.499,132.999,,,,,,,,
135,137.5,149.5,12,81,1,0,0,1,147.6,1,132.724,133.22,,,,,,,,
136,136.7,151.5,14.8,81,1,0,0,1,147.8,1,132.949,133.442,,,,,,,,
137,145.9,160.1,14.2,81,1,0,0,1,148.3,1,133.512,133.995,,,,,,,,
138,143.1,153.2,10.1,81,1,0,0,1,148.6,1,133.849,134.327,,,,,,,,
139,128.5,142,13.5,81,1,0,0,1,148.9,1,134.187,134.66,,,,,,,,
140,141.1,153.8,12.7,81,1,0,0,1,149.4,1,134.75,135.213,,,,,,,,
141,150.9,164.9,14,81,1,0,0,1,149.5,1,134.862,135.324,,,,,,,,
142,144.6,155.7,11.1,81,1,0,0,1,149.8,1,135.2,135.656,,,,,,,,
143,143.3,155.8,12.5,81,1,0,0,1,149.8,1,135.2,135.656,,,,,,,,
144,146.5,158.9,12.4,81,1,0,0,1,149.9,1,135.312,135.767,,,,,,,,
145,143.5,155.2,11.7,81,1,0,0,1,150.3,1,135.763,136.21,,,,,,,,
146,150.2,164.1,13.9,81,1,0,0,1,150.6,1,136.1,136.542,,,,,,,,
147,148.3,161.3,13,81,1,0,0,1,151.3,1,136.888,137.317,,,,,,,,
148,143.1,156.7,13.6,81,1,0,0,1,151.5,1,137.113,137.539,,,,,,,,
149,135.7,148.2,12.5,81,1,0,0,1,151.7,1,137.338,137.76,,,,,,,,
150,143.4,156.5,13.1,81,1,0,0,1,152,1,137.676,138.092,,,,,,,,
151,133,147.8,14.8,81,1,0,0,1,152.2,1,137.901,138.314,,,,,,,,
152,143.2,157.7,14.5,81,1,0,0,1,152.7,1,138.464,138.867,,,,,,,,
153,137,149.1,12.1,81,1,0,0,1,153.2,1,139.027,139.421,,,,,,,,
154,140.8,151.5,10.7,81,1,0,0,1,153.4,1,139.252,139.642,,,,,,,,
155,132.8,146.7,13.9,81,1,0,0,1,153.4,1,139.252,139.642,,,,,,,,
156,134.7,148.5,13.8,81,1,0,0,1,153.5,1,139.365,139.753,,,,,,,,
157,142.4,156.6,14.2,81,1,0,0,1,153.7,1,139.59,139.975,,,,,,,,
158,141.2,155,13.8,81,1,0,0,1,153.7,1,139.59,139.975,,,,,,,,
159,111.9,129.5,17.6,81,1,0,0,1,154.1,1,140.04,140.417,,,,,,,,
160,84.3,101.4,17.1,81,1,0,0,1,154.1,1,140.04,140.417,,,,,,,,
161,109.8,128.9,19.1,81,1,0,0,1,154.1,1,140.04,140.417,,,,,,,,
162,83.8,101.9,18.1,81,1,0,0,1,154.3,1,140.265,140.639,,,,,,,,
163,86.1,105.1,19,81,1,0,0,1,154.9,1,140.94,141.303,,,,,,,,
164,92,114.8,22.8,81,1,0,0,1,155.2,1,141.278,141.635,,,,,,,,
165,71.4,91.5,20.1,81,1,0,0,1,155.3,1,141.391,141.746,,,,,,,,
166,77.9,96.4,18.5,81,1,0,0,1,155.6,1,141.728,142.078,,,,,,,,
167,75.2,94.5,19.3,81,1,0,0,1,155.6,1,141.728,142.078,,,,,,,,
168,113.1,131.1,18,81,1,0,0,1,155.7,1,141.841,142.189,,,,,,,,
169,71.4,93.8,22.4,81,1,0,0,1,155.8,1,141.953,142.3,,,,,,,,
170,81.4,101.3,19.9,81,1,0,0,1,155.8,1,141.953,142.3,,,,,,,,
171,74.8,95.5,20.7,81,1,0,0,1,156,1,142.178,142.521,,,,,,,,
172,62.7,82.3,19.6,81,1,0,0,1,156.2,1,142.404,142.743,,,,,,,,
173,75.8,97.2,21.4,81,1,0,0,1,156.5,1,142.741,143.075,,,,,,,,
174,74.2,92.1,17.9,81,1,0,0,1,156.6,1,142.854,143.186,,,,,,,,
175,72.4,96.3,23.9,81,1,0,0,1,156.7,1,142.966,143.296,,,,,,,,
176,83.6,104.6,21,81,1,0,0,1,156.8,1,143.079,143.407,,,,,,,,
177,31.1,51.8,11.3,81,1,0,0,1,156.8,1,143.079,143.407,,,,,,,,
178,40.5,120,21.8,82,1,0,1,0,157,1,143.304,143.629,,,,,,,,
179,88.3,121.9,19.8,82,1,0,1,0,157.2,1,143.529,143.85,,,,,,,,
180,98.2,134.8,18.7,82,1,0,1,0,157.3,1,143.642,143.961,,,,,,,,
181,102.1,148,12.4,82,1,0,1,0,157.5,1,143.867,144.182,,,,,,,,
182,116.1,158.2,15,82,1,0,1,0,157.7,1,144.092,144.404,,,,,,,,
183,135.6,154.8,11.9,82,1,0,1,0,157.8,1,144.204,144.514,,,,,,,,
184,143.2,141.8,18.4,82,1,0,1,0,157.8,1,144.204,144.514,,,,,,,,
185,142.9,141.6,16.1,82,1,0,1,0,157.8,1,144.204,144.514,,,,,,,,
186,123.4,146.6,17.1,82,1,0,1,0,158.6,1,145.105,145.4,,,,,,,,
187,125.5,133.8,13.7,82,1,0,1,0,158.6,1,145.105,145.4,,,,,,,,
188,129.5,136.5,14,82,1,0,1,0,159.8,1,146.456,146.729,,,,,,,,
189,120.1,140.9,17.6,82,1,0,1,0,160,1,146.681,146.95,,,,,,,,
190,122.5,140.4,12.6,82,1,0,1,0,160.4,1,147.131,147.393,,,,,,,,
191,123.3,148.5,13.8,82,1,0,1,0,160.4,1,147.131,147.393,,,,,,,,
192,127.8,145.8,17.2,82,1,0,1,0,160.5,1,147.243,147.504,,,,,,,,
193,134.7,142.8,18.6,82,1,0,1,0,161.1,1,147.919,148.168,,,,,,,,
194,128.6,142.4,16.9,82,1,0,1,0,161.3,1,148.144,148.39,,,,,,,,
195,124.2,149.1,17.7,82,1,0,1,0,161.6,1,148.482,148.722,,,,,,,,
196,125.5,149.5,13.4,82,1,0,1,0,161.6,1,148.482,148.722,,,,,,,,
197,131.4,127.6,17,82,1,0,1,0,162.1,1,149.044,149.276,,,,,,,,
198,136.1,136.2,13.9,82,1,0,1,0,162.5,1,149.495,149.719,,,,,,,,
199,110.6,145.8,11.7,82,1,0,1,0,164.1,1,151.296,151.49,,,,,,,,
200,122.3,154.2,15.9,82,1,0,1,0,164.6,1,151.858,152.044,,,,,,,,
201,134.1,147.1,13.8,82,1,0,1,0,165.1,1,152.421,152.597,,,,,,,,
202,138.3,159.4,9.6,82,1,0,1,0,95.4,0,95.4,95.4,,,,,,,,
203,133.3,162.6,13.4,82,1,0,1,0,100.4,0,100.4,100.4,,,,,,,,
204,149.8,151.5,9,82,1,0,1,0,109.3,0,109.3,109.3,,,,,,,,
205,149.2,118,13.4,82,1,0,1,0,114.6,0,114.6,114.6,,,,,,,,
206,142.5,145.5,18.4,82,1,0,1,0,115.2,0,115.2,115.2,,,,,,,,
207,104.6,148.2,18.4,82,1,0,1,0,115.5,0,115.5,115.5,,,,,,,,
208,127.1,135.9,14.8,82,1,0,1,0,119.5,0,119.5,119.5,,,,,,,,
209,129.8,136.1,16.9,82,1,0,1,0,122,0,122,122,,,,,,,,
210,121.1,128.6,17.7,82,1,0,1,0,126.7,0,126.7,126.7,,,,,,,,
211,119.2,139.8,17.3,82,1,0,1,0,128.7,0,128.7,128.7,,,,,,,,
212,110.9,136.7,17.4,82,1,0,1,0,134.3,0,134.3,134.3,,,,,,,,
213,122.5,135.1,16.9,82,1,0,1,0,137.1,0,137.1,137.1,,,,,,,,
214,119.3,149,11.5,82,1,0,1,0,137.5,0,137.5,137.5,,,,,,,,
215,118.2,163.7,14.8,82,1,0,1,0,137.7,0,137.7,137.7,,,,,,,,
216,137.5,149.8,18.5,82,1,0,1,0,139.3,0,139.3,139.3,,,,,,,,
217,148.9,143.2,16.3,82,1,0,1,0,139.5,0,139.5,139.5,,,,,,,,
218,131.3,143.2,13.9,82,1,0,1,0,139.7,0,139.7,139.7,,,,,,,,
219,126.9,157,12.7,82,1,0,1,0,140.1,0,140.1,140.1,,,,,,,,
220,129.3,152.7,15.5,82,1,0,1,0,140.8,0,140.8,140.8,,,,,,,,
221,144.3,153.6,14.6,82,1,0,1,0,141,0,141,141,,,,,,,,
222,137.2,140.6,17.3,82,1,0,1,0,141.5,0,141.5,141.5,,,,,,,,
223,139,151.7,13.3,82,1,0,1,0,142.1,0,142.1,142.1,,,,,,,,
224,123.3,132,20.3,82,1,0,1,0,142.3,0,142.3,142.3,,,,,,,,
225,138.4,132.5,15.3,82,1,0,1,0,142.4,0,142.4,142.4,,,,,,,,
226,111.7,154.5,12.5,82,1,0,1,0,142.7,0,142.7,142.7,,,,,,,,
227,117.2,143.3,13.3,82,1,0,1,0,143.1,0,143.1,143.1,,,,,,,,
228,142,138.1,15.8,82,1,0,1,0,143.5,0,143.5,143.5,,,,,,,,
229,130,126.7,12,82,1,0,1,0,143.5,0,143.5,143.5,,,,,,,,
230,122.3,132.4,13.1,82,1,0,1,0,143.9,0,143.9,143.9,,,,,,,,
231,114.7,149.3,17.6,82,1,0,1,0,143.9,0,143.9,143.9,,,,,,,,
232,119.3,139.3,19,82,1,0,1,0,144.2,0,144.2,144.2,,,,,,,,
233,131.7,151.5,15.3,82,1,0,1,0,144.3,0,144.3,144.3,,,,,,,,
234,120.3,166.8,12.3,82,1,0,1,0,144.3,0,144.3,144.3,,,,,,,,
235,136.2,126.8,17.3,82,1,0,1,0,144.5,0,144.5,144.5,,,,,,,,
236,154.5,152.1,12.9,82,1,0,1,0,144.9,0,144.9,144.9,,,,,,,,
237,109.5,126.9,18.6,82,1,0,1,0,145,0,145,145,,,,,,,,
238,139.2,145.4,16.9,82,1,0,1,0,145.1,0,145.1,145.1,,,,,,,,
239,108.3,156.3,11.8,82,1,0,1,0,145.3,0,145.3,145.3,,,,,,,,
240,128.5,142.7,19.4,82,1,0,1,0,145.7,0,145.7,145.7,,,,,,,,
241,144.5,132.9,15.2,82,1,0,1,0,145.7,0,145.7,145.7,,,,,,,,
242,123.3,137.9,18.2,82,1,0,1,0,146.1,0,146.1,146.1,,,,,,,,
243,117.7,126.1,12.5,82,1,0,1,0,146.1,0,146.1,146.1,,,,,,,,
244,119.7,160.4,12.2,82,1,0,1,0,146.4,0,146.4,146.4,,,,,,,,
245,113.6,166.2,11.1,82,1,0,1,0,146.6,0,146.6,146.6,,,,,,,,
246,148.2,145.4,14.4,82,1,0,1,0,146.7,0,146.7,146.7,,,,,,,,
247,155.1,144.3,12.1,82,1,0,1,0,146.8,0,146.8,146.8,,,,,,,,
248,131,156.8,11.9,82,1,0,1,0,146.9,0,146.9,146.9,,,,,,,,
249,132.2,131.2,18.7,82,1,0,1,0,147,0,147,147,,,,,,,,
250,144.9,140.8,16.7,82,1,0,1,0,147.1,0,147.1,147.1,,,,,,,,
251,112.5,130.8,16.9,82,1,0,1,0,147.3,0,147.3,147.3,,,,,,,,
252,124.1,149.7,14.2,82,1,0,1,0,147.6,0,147.6,147.6,,,,,,,,
253,113.9,156.7,14.3,82,1,0,1,0,147.7,0,147.7,147.7,,,,,,,,
254,135.5,136.1,14.8,82,1,0,1,0,147.7,0,147.7,147.7,,,,,,,,
255,142.4,150.1,13.4,82,1,0,1,0,147.8,0,147.8,147.8,,,,,,,,
256,121.3,140.7,18.7,82,1,0,1,0,147.9,0,147.9,147.9,,,,,,,,
257,136.7,139.4,13.8,82,1,0,1,0,148,0,148,148,,,,,,,,
258,122,160.1,10.2,82,1,0,1,0,148,0,148,148,,,,,,,,
259,125.6,138.2,14.9,82,1,0,1,0,148.1,0,148.1,148.1,,,,,,,,
260,149.9,148.6,15,82,1,0,1,0,148.2,0,148.2,148.2,,,,,,,,
261,123.3,152,13.2,82,1,0,1,0,148.2,0,148.2,148.2,,,,,,,,
262,133.6,128.2,17.5,82,1,0,1,0,148.4,0,148.4,148.4,,,,,,,,
263,138.8,126.7,15.2,82,1,0,1,0,148.4,0,148.4,148.4,,,,,,,,
264,110.7,142.5,17.7,82,1,0,1,0,148.4,0,148.4,148.4,,,,,,,,
265,111.5,139.7,13.5,82,1,0,1,0,148.5,0,148.5,148.5,,,,,,,,
266,124.8,151.8,13.2,82,1,0,1,0,148.5,0,148.5,148.5,,,,,,,,
267,126.2,141.1,15.9,82,1,0,1,0,148.6,0,148.6,148.6,,,,,,,,
268,138.6,140.7,14.5,82,1,0,1,0,148.7,0,148.7,148.7,,,,,,,,
269,125.2,157.5,12.4,82,1,0,1,0,148.8,0,148.8,148.8,,,,,,,,
270,126.2,143.8,17.8,82,1,0,1,0,148.8,0,148.8,148.8,,,,,,,,
271,145.1,127.7,17.2,82,1,0,1,0,148.9,0,148.9,148.9,,,,,,,,
272,126,155.2,14.7,82,1,0,1,0,149,0,149,149,,,,,,,,
273,110.5,146.9,18.3,82,1,0,1,0,149.3,0,149.3,149.3,,,,,,,,
274,140.5,125,21.1,82,1,0,1,0,149.4,0,149.4,149.4,,,,,,,,
275,128.6,133.5,14.6,82,1,0,1,0,149.6,0,149.6,149.6,,,,,,,,
276,103.9,144.4,13.4,82,1,0,1,0,149.6,0,149.6,149.6,,,,,,,,
277,118.9,154.6,13.2,82,1,0,1,0,149.8,0,149.8,149.8,,,,,,,,
278,131,154.4,15.2,82,1,0,1,0,150,0,150,150,,,,,,,,
279,141.4,138.6,18.8,82,1,0,1,0,150,0,150,150,,,,,,,,
280,139.2,133.7,18.7,82,1,0,1,0,150.2,0,150.2,150.2,,,,,,,,
281,119.8,153.2,13.4,82,1,0,1,0,150.4,0,150.4,150.4,,,,,,,,
282,115,159.1,14.6,82,1,0,1,0,150.6,0,150.6,150.6,,,,,,,,
283,139.8,149.5,14.8,82,1,0,1,0,150.6,0,150.6,150.6,,,,,,,,
284,144.5,144.7,18.6,82,1,0,1,0,150.6,0,150.6,150.6,,,,,,,,
285,134.7,147.3,16.9,82,1,0,1,0,150.6,0,150.6,150.6,,,,,,,,
286,126.1,138.4,17.6,82,1,0,1,0,150.7,0,150.7,150.7,,,,,,,,
287,130.4,136.9,17.7,82,1,0,1,0,150.8,0,150.8,150.8,,,,,,,,
288,120.8,146.6,14.3,82,1,0,1,0,150.9,0,150.9,150.9,,,,,,,,
289,119.2,124.5,18.2,82,1,0,1,0,151.2,0,151.2,151.2,,,,,,,,
290,132.3,144.1,18.4,82,1,0,1,0,151.4,0,151.4,151.4,,,,,,,,
291,106.3,124.4,16.8,82,1,0,1,0,151.5,0,151.5,151.5,,,,,,,,
292,125.7,142.2,13.7,82,1,0,1,0,151.6,0,151.6,151.6,,,,,,,,
293,107.6,134.1,14.6,92,1,1,0,0,151.7,0,151.7,151.7,,,,,,,,
294,128.5,133.8,17.6,92,1,1,0,0,151.8,0,151.8,151.8,,,,,,,,
295,119.5,127.8,15.5,92,1,1,0,0,151.8,0,151.8,151.8,,,,,,,,
296,116.2,132.3,16.7,92,1,1,0,0,152,0,152,152,,,,,,,,
297,112.3,135.6,16.6,92,1,1,0,0,152.2,0,152.2,152.2,,,,,,,,
298,115.6,130.3,16.7,92,1,1,0,0,152.3,0,152.3,152.3,,,,,,,,
299,119,128.7,17.1,92,1,1,0,0,152.5,0,152.5,152.5,,,,,,,,
300,113.6,118.8,6.1,92,1,1,0,0,152.5,0,152.5,152.5,,,,,,,,
301,111.6,133.4,15.9,92,1,1,0,0,152.6,0,152.6,152.6,,,,,,,,
302,112.7,151.6,15.3,92,1,1,0,0,152.7,0,152.7,152.7,,,,,,,,
303,117.5,140.6,15.4,92,1,1,0,0,152.7,0,152.7,152.7,,,,,,,,
304,136.3,144.6,15.7,92,1,1,0,0,152.9,0,152.9,152.9,,,,,,,,
305,125.2,147.7,15.7,92,1,1,0,0,153,0,153,153,,,,,,,,
306,128.9,154.8,14.4,92,1,1,0,0,153.1,0,153.1,153.1,,,,,,,,
307,132,139.1,17.5,92,1,1,0,0,153.3,0,153.3,153.3,,,,,,,,
308,140.4,124.2,15.6,92,1,1,0,0,153.4,0,153.4,153.4,,,,,,,,
309,121.6,129.5,17.7,92,1,1,0,0,153.8,0,153.8,153.8,,,,,,,,
310,108.6,123.7,16.5,92,1,1,0,0,154.1,0,154.1,154.1,,,,,,,,
311,111.8,130.6,14.7,92,1,1,0,0,154.2,0,154.2,154.2,,,,,,,,
312,107.2,134.7,13.3,92,1,1,0,0,154.2,0,154.2,154.2,,,,,,,,
313,115.9,153.9,16.5,92,1,1,0,0,154.3,0,154.3,154.3,,,,,,,,
314,121.4,148.4,14.7,92,1,1,0,0,154.7,0,154.7,154.7,,,,,,,,
315,137.4,130.1,14.4,92,1,1,0,0,154.9,0,154.9,154.9,,,,,,,,
316,133.7,135.8,13.6,92,1,1,0,0,155,0,155,155,,,,,,,,
317,115.7,140.3,14.1,92,1,1,0,0,155.4,0,155.4,155.4,,,,,,,,
318,122.2,138.7,13.2,92,1,1,0,0,155.8,0,155.8,155.8,,,,,,,,
319,126.2,140.6,12.3,92,1,1,0,0,155.8,0,155.8,155.8,,,,,,,,
320,125.5,127.6,14.7,92,1,1,0,0,155.9,0,155.9,155.9,,,,,,,,
321,128.3,127.7,16.9,92,1,1,0,0,156,0,156,156,,,,,,,,
322,112.9,127.5,16.5,92,1,1,0,0,156.1,0,156.1,156.1,,,,,,,,
323,110.8,138.3,13,92,1,1,0,0,156.3,0,156.3,156.3,,,,,,,,
324,111,127.3,16.4,92,1,1,0,0,156.3,0,156.3,156.3,,,,,,,,
325,125.3,151.5,13.8,92,1,1,0,0,156.6,0,156.6,156.6,,,,,,,,
326,110.9,140.5,13.9,92,1,1,0,0,156.7,0,156.7,156.7,,,,,,,,
327,137.7,128.5,16.5,92,1,1,0,0,156.8,0,156.8,156.8,,,,,,,,
328,126.6,145.9,15.4,92,1,1,0,0,156.8,0,156.8,156.8,,,,,,,,
329,112,135.5,15.9,92,1,1,0,0,156.9,0,156.9,156.9,,,,,,,,
330,130.5,125.4,16.6,92,1,1,0,0,156.9,0,156.9,156.9,,,,,,,,
331,119.6,146.3,13.4,92,1,1,0,0,157,0,157,157,,,,,,,,
332,108.8,144.5,18.5,92,1,1,0,0,157.1,0,157.1,157.1,,,,,,,,
333,132.9,148.8,18,92,1,1,0,0,157.3,0,157.3,157.3,,,,,,,,
334,126,127.8,15.9,92,1,1,0,0,157.7,0,157.7,157.7,,,,,,,,
335,130.8,137.7,17,92,1,1,0,0,157.8,0,157.8,157.8,,,,,,,,
336,111.9,149.6,13.9,92,1,1,0,0,157.9,0,157.9,157.9,,,,,,,,
337,120.7,128,15.4,92,1,1,0,0,158.1,0,158.1,158.1,,,,,,,,
338,135.7,141.8,18.7,92,1,1,0,0,158.3,0,158.3,158.3,,,,,,,,
339,112.6,138.5,17.5,92,1,1,0,0,158.3,0,158.3,158.3,,,,,,,,
340,123.1,136.1,16.2,92,1,1,0,0,158.5,0,158.5,158.5,,,,,,,,
341,121,130.1,16.5,92,1,1,0,0,158.6,0,158.6,158.6,,,,,,,,
342,119.9,139.2,16.5,92,1,1,0,0,158.6,0,158.6,158.6,,,,,,,,
343,113.6,153.4,13.4,92,1,1,0,0,159,0,159,159,,,,,,,,
344,122.7,141.6,16.1,92,1,1,0,0,159.2,0,159.2,159.2,,,,,,,,
345,140,138.6,16.5,92,1,1,0,0,159.3,0,159.3,159.3,,,,,,,,
346,125.5,153,12.3,92,1,1,0,0,160.2,0,160.2,160.2,,,,,,,,
347,122.1,139.8,12.8,92,1,1,0,0,160.4,0,160.4,160.4,,,,,,,,
348,140.7,140.8,13.2,92,1,1,0,0,160.6,0,160.6,160.6,,,,,,,,
349,127,138,15.4,92,1,1,0,0,160.6,0,160.6,160.6,,,,,,,,
350,127.6,146.7,11.7,92,1,1,0,0,160.7,0,160.7,160.7,,,,,,,,
351,122.6,135.9,16.5,92,1,1,0,0,161.1,0,161.1,161.1,,,,,,,,
352,135,144.4,14,92,1,1,0,0,161.4,0,161.4,161.4,,,,,,,,
353,119.4,138.5,13.5,92,1,1,0,0,162.5,0,162.5,162.5,,,,,,,,
354,130.4,125.3,16.4,92,1,1,0,0,163,0,163,163,,,,,,,,
355,125,131.9,17.1,92,1,1,0,0,163.2,0,163.2,163.2,,,,,,,,
356,108.9,134.3,12.7,92,1,1,0,0,163.2,0,163.2,163.2,,,,,,,,
357,114.8,147.8,13,92,1,1,0,0,163.2,0,163.2,163.2,,,,,,,,
358,121.6,147.7,13.8,92,1,1,0,0,163.5,0,163.5,163.5,,,,,,,,
359,134.8,144.2,16.1,92,1,1,0,0,163.5,0,163.5,163.5,,,,,,,,
360,133.9,132,16.7,92,1,1,0,0,166.1,0,166.1,166.1,,,,,,,,
361,128.1,136.1,15.2,92,1,1,0,0,166.6,0,166.6,166.6,,,,,,,,
362,115.3,148.1,17.9,92,1,1,0,0,168,0,168,168,,,,,,,,
363,120.9,147.5,14.8,92,1,1,0,0,,,,,,,,,,,,
364,130.2,122.4,14.4,92,1,1,0,0,,,,,,,,,,,,
365,132.7,147.7,13.8,92,1,1,0,0,,,,,,,,,,,,
366,108,144.2,16.1,92,1,1,0,0,,,,,,,,,,,,
367,133.9,132,16.7,92,1,1,0,0,,,,,,,,,,,,
368,128.1,136.1,15.2,92,1,1,0,0,,,,,,,,,,,,
369,115.3,148.1,17.9,92,1,1,0,0,,,,,,,,,,,,
370,120.9,147.5,14.8,92,1,1,0,0,,,,,,,,,,,,
371,130.2,122.4,14.4,92,1,1,0,0,,,,,,,,,,,,
372,132.7,135.8,17.1,92,1,1,0,0,,,,,,,,,,,,
373,108,135.2,15.2,92,1,1,0,0,,,,,,,,,,,,
374,118.7,126.5,17.4,92,1,1,0,0,,,,,,,,,,,,
375,120,140.3,16.2,92,1,1,0,0,,,,,,,,,,,,
376,109.1,145.8,12.6,92,1,1,0,0,,,,,,,,,,,,
377,124.1,152.1,12.5,92,1,1,0,0,,,,,,,,,,,,
378,133.2,147,13.1,92,1,1,0,0,,,,,,,,,,,,
379,139.6,150.4,13.2,92,1,1,0,0,,,,,,,,,,,,
380,133.9,155.7,12.6,92,1,1,0,0,,,,,,,,,,,,
381,137.2,140.5,11.7,92,1,1,0,0,,,,,,,,,,,,
382,143.1,139.3,17.6,92,1,1,0,0,,,,,,,,,,,,
383,128.8,131.5,15.2,92,1,1,0,0,,,,,,,,,,,,
384,121.7,142.7,12.6,92,1,1,0,0,,,,,,,,,,,,
385,116.3,158.2,11.8,92,1,1,0,0,,,,,,,,,,,,
386,130.1,135.8,16.9,92,1,1,0,0,,,,,,,,,,,,
387,146.4,147.2,14.3,92,1,1,0,0,,,,,,,,,,,,
388,118.9,150,14.8,92,1,1,0,0,,,,,,,,,,,,
389,132.9,148.2,13.2,92,1,1,0,0,,,,,,,,,,,,
390,135.2,139.8,14.4,92,1,1,0,0,,,,,,,,,,,,
391,135,143.7,17,92,1,1,0,0,,,,,,,,,,,,
392,125.4,141.3,16.3,92,1,1,0,0,,,,,,,,,,,,
393,126.7,147.2,14,92,1,1,0,0,,,,,,,,,,,,
394,125,139.7,15.4,92,1,1,0,0,,,,,,,,,,,,
395,133.2,130.3,15,92,1,1,0,0,,,,,,,,,,,,
396,124.3,149.3,12.5,92,1,1,0,0,,,,,,,,,,,,
397,115.3,150.4,12.8,92,1,1,0,0,,,,,,,,,,,,
398,136.8,160,12.5,92,1,1,0,0,,,,,,,,,,,,
399,137.6,161.6,14.1,92,1,1,0,0,,,,,,,,,,,,
400,147.5,149.3,13.3,92,1,1,0,0,,,,,,,,,,,,
401,147.5,129.2,15.9,92,1,1,0,0,,,,,,,,,,,,
402,136,142.7,16.4,92,1,1,0,0,,,,,,,,,,,,
403,113.3,143.6,14,92,1,1,0,0,,,,,,,,,,,,
404,126.3,132,15.7,92,1,1,0,0,,,,,,,,,,,,
405,129.6,133.2,16.6,92,1,1,0,0,,,,,,,,,,,,
406,116.3,137.8,16.9,92,1,1,0,0,,,,,,,,,,,,
407,116.6,145.4,14.4,92,1,1,0,0,,,,,,,,,,,,
408,120.9,150.8,14.3,92,1,1,0,0,,,,,,,,,,,,
409,131,147.2,13.9,92,1,1,0,0,,,,,,,,,,,,
410,136.5,143.7,11.7,92,1,1,0,0,,,,,,,,,,,,
411,133.3,144.7,13.3,92,1,1,0,0,,,,,,,,,,,,
412,132,148.1,12.3,92,1,1,0,0,,,,,,,,,,,,
413,131.4,135.4,16.8,92,1,1,0,0,,,,,,,,,,,,
414,135.8,145.8,16,92,1,1,0,0,,,,,,,,,,,,
415,118.6,154.2,13,92,1,1,0,0,,,,,,,,,,,,
416,129.8,144.3,12.3,92,1,1,0,0,,,,,,,,,,,,
417,141.2,133.7,15,92,1,1,0,0,,,,,,,,,,,,
418,132,155.4,13.9,92,1,1,0,0,,,,,,,,,,,,
419,118.7,142.4,11.7,92,1,1,0,0,,,,,,,,,,,,
420,141.5,149.5,11.8,92,1,1,0,0,,,,,,,,,,,,
421,130.7,157.1,14.1,92,1,1,0,0,,,,,,,,,,,,
422,137.7,147.6,12.9,92,1,1,0,0,,,,,,,,,,,,
423,143,143.5,12.3,92,1,1,0,0,,,,,,,,,,,,
424,134.7,138.9,13,92,1,1,0,0,,,,,,,,,,,,
425,131.2,157,12.2,92,1,1,0,0,,,,,,,,,,,,
426,125.9,140.8,12.3,92,1,1,0,0,,,,,,,,,,,,
427,144.8,156.4,13,92,1,1,0,0,,,,,,,,,,,,
428,128.5,153.1,11.4,92,1,1,0,0,,,,,,,,,,,,
429,143.4,152.3,13.1,92,1,1,0,0,,,,,,,,,,,,
430,141.7,130.5,14.7,92,1,1,0,0,,,,,,,,,,,,
431,139.2,149.8,12.6,92,1,1,0,0,,,,,,,,,,,,
432,115.8,142.3,11.3,92,1,1,0,0,,,,,,,,,,,,
433,137.2,153.4,11.5,92,1,1,0,0,,,,,,,,,,,,
434,131,147.9,14.5,92,1,1,0,0,,,,,,,,,,,,
435,141.9,149.9,15.6,92,1,1,0,0,,,,,,,,,,,,
436,133.4,152.2,14.3,92,1,1,0,0,,,,,,,,,,,,
437,134.3,150.4,11.8,92,1,1,0,0,,,,,,,,,,,,
438,137.9,141.8,11,92,1,1,0,0,,,,,,,,,,,,
439,138.6,152.4,14.3,92,1,1,0,0,,,,,,,,,,,,
440,130.8,133.7,11.8,92,1,1,0,0,,,,,,,,,,,,
441,138.1,147.1,10.2,92,1,1,0,0,,,,,,,,,,,,
442,121.9,151.7,13.1,92,1,1,0,0,,,,,,,,,,,,
443,136.9,153.6,12.2,92,1,1,0,0,,,,,,,,,,,,
444,138.6,145.2,13,92,1,1,0,0,,,,,,,,,,,,
445,141.4,141.6,17.1,92,1,1,0,0,,,,,,,,,,,,
446,132.2,138.3,12.6,92,1,1,0,0,,,,,,,,,,,,
447,124.5,135.2,15.9,92,1,1,0,0,,,,,,,,,,,,
448,125.7,153.5,12.8,92,1,1,0,0,,,,,,,,,,,,
449,119.3,153.3,13.7,92,1,1,0,0,,,,,,,,,,,,
450,140.7,151.6,12,92,1,1,0,0,,,,,,,,,,,,
451,139.6,152.9,14.9,92,1,1,0,0,,,,,,,,,,,,
452,139.6,147.5,12.7,92,1,1,0,0,,,,,,,,,,,,
453,138,141.9,17.5,92,1,1,0,0,,,,,,,,,,,,
454,134.8,145.9,13.3,92,1,1,0,0,,,,,,,,,,,,
455,124.4,140.3,15.2,92,1,1,0,0,,,,,,,,,,,,
456,132.6,148.5,13.2,92,1,1,0,0,,,,,,,,,,,,
457,125.1,151.4,12.3,92,1,1,0,0,,,,,,,,,,,,
458,135.3,138.6,8.9,92,1,1,0,0,,,,,,,,,,,,
459,139.1,146.4,11.5,92,1,1,0,0,,,,,,,,,,,,
460,129.7,134.3,15.6,92,1,1,0,0,,,,,,,,,,,,
461,134.9,154.1,15.8,92,1,1,0,0,,,,,,,,,,,,
462,118.7,146.4,15.2,92,1,1,0,0,,,,,,,,,,,,
463,138.3,149.4,14.2,92,1,1,0,0,,,,,,,,,,,,
464,131.2,134.7,15.3,92,1,1,0,0,,,,,,,,,,,,
465,135.2,161.7,13.6,92,1,1,0,0,,,,,,,,,,,,
466,119.4,150.3,14.4,92,1,1,0,0,,,,,,,,,,,,
467,148.1,151.2,15.6,92,1,1,0,0,,,,,,,,,,,,
468,135.9,143.5,13.9,92,1,1,0,0,,,,,,,,,,,,
469,135.6,148.3,14.2,92,1,1,0,0,,,,,,,,,,,,
470,129.6,129.2,14.8,92,1,1,0,0,,,,,,,,,,,,
471,134.1,,,,,,,,,,,,,,,,,,,
472,114.4,,,,,,,,,,,,,,,,,,,
