Seq,ID,Gender,Monetary,Recency,Frq,FirstPurch,ChildBks,YouthBks,CookBks,DoItYBks,RefBks,ArtBks,GeogBks,ItalCook,ItalAtlas,ItalArt,Florence,RelatedPurchase
3537,29390,1,184,14,6,46,0,0,3,1,1,1,0,0,0,0,0,1
3561,29591,0,188,12,2,18,0,0,1,0,0,0,0,0,0,0,0,0
3276,27009,0,154,34,2,40,2,0,0,0,0,0,3,1,0,0,0,4
1923,15917,1,109,6,1,6,0,0,0,0,0,0,0,0,0,0,0,0
2214,18278,1,136,10,2,16,1,0,0,0,0,0,0,0,0,0,1,0
799,6775,1,417,14,12,44,2,1,2,3,1,1,2,0,0,0,0,3
2351,19281,1,232,8,7,48,2,1,1,0,0,0,0,0,0,0,0,0
3597,29847,0,208,16,2,20,1,1,0,0,0,0,3,0,0,0,0,3
2102,17353,1,256,14,10,44,0,1,2,1,3,0,1,0,0,0,0,1
3707,30807,1,46,12,1,12,0,0,0,0,0,0,0,1,0,0,0,1
3059,25334,1,135,4,2,12,0,0,0,0,0,0,0,0,0,0,1,0
1660,13745,1,42,12,2,16,0,0,1,0,0,0,0,1,0,0,0,1
1911,15812,0,286,4,2,12,0,0,0,0,0,0,0,0,0,0,0,0
3193,26272,1,205,2,1,2,0,0,0,0,0,0,1,0,0,0,0,1
2120,17496,0,389,16,9,60,0,1,5,1,1,0,2,0,0,0,0,2
379,3338,1,189,14,1,14,1,0,0,0,0,0,0,0,0,0,0,0
2279,18681,1,31,10,1,10,0,0,0,0,0,0,0,0,0,0,0,0
3573,29665,0,354,12,8,36,2,1,2,1,0,1,2,0,0,0,0,3
2324,19079,1,87,6,3,18,0,0,1,0,0,0,0,0,0,0,0,0
1180,9883,1,243,26,9,56,1,2,2,1,0,0,3,0,0,0,0,3
2324,19079,1,87,6,3,18,0,0,1,0,0,0,0,0,0,0,0,0
1448,12014,0,263,10,1,10,0,0,0,0,0,0,0,0,0,0,0,0
911,7588,1,300,10,3,18,1,0,0,0,0,0,1,0,0,0,0,1
1818,14982,1,265,28,8,56,2,0,2,2,1,0,0,0,0,0,0,0
2545,21021,1,267,10,2,18,0,0,1,0,0,0,0,0,0,0,0,0
3163,26072,1,119,14,2,22,1,0,0,0,0,0,0,1,0,1,0,2
976,8019,1,136,10,2,12,0,0,0,0,0,0,0,0,0,0,1,0
2800,23210,0,263,10,2,14,0,1,0,0,0,0,0,1,0,0,0,1
2544,21013,1,349,14,7,56,2,2,2,0,0,0,1,0,0,0,0,1
3852,31789,1,246,26,4,48,0,0,2,0,0,0,0,0,0,0,0,0
735,6325,1,323,12,2,18,0,0,1,0,0,0,0,0,0,0,0,0
17,125,1,226,14,6,28,2,1,2,0,0,1,0,1,0,0,0,2
2592,21450,1,309,36,1,36,0,1,0,0,0,0,0,0,0,0,0,0
3361,27764,0,97,16,2,22,0,0,2,0,0,0,0,0,0,0,0,0
1787,14734,1,250,4,3,12,0,0,0,0,0,0,0,0,0,0,0,0
1624,13469,1,175,12,2,16,0,0,0,0,1,0,0,0,0,0,0,0
1654,13709,1,100,12,2,14,0,1,0,0,0,0,0,1,0,0,0,1
932,7733,1,158,2,2,8,0,0,0,0,0,0,0,0,0,0,0,0
23,193,1,63,4,1,4,0,0,0,0,0,0,0,0,0,0,0,0
589,5345,1,240,12,2,16,0,0,1,0,0,0,0,0,0,0,0,0
2534,20904,1,311,6,1,6,0,0,0,0,0,0,0,0,0,0,1,0
2481,20418,1,397,22,10,72,5,1,2,0,0,0,0,1,0,0,0,1
645,5778,1,117,34,1,34,0,0,1,0,0,0,0,0,0,0,0,0
1934,16025,1,102,16,2,24,0,0,1,0,0,0,0,0,0,0,0,0
1137,9590,1,189,12,2,18,1,0,0,0,0,0,0,0,0,0,0,0
1870,15429,0,277,12,2,14,1,0,0,0,0,2,0,0,0,0,0,2
1744,14374,0,227,16,11,52,1,1,5,1,0,0,0,0,0,0,0,0
2774,22971,1,290,2,10,60,2,1,1,2,0,0,0,0,0,0,0,0
820,6911,1,59,16,1,16,0,0,0,1,0,0,0,0,0,0,1,0
1329,11055,1,329,2,2,6,0,0,0,0,0,0,0,0,0,0,0,0
866,7230,1,161,4,1,4,0,0,0,0,0,0,0,0,0,0,0,0
2940,24309,0,267,8,1,8,0,0,0,0,0,0,0,0,0,0,0,0
3626,30083,1,262,8,11,30,4,1,2,0,0,1,0,0,1,0,0,2
2081,17206,0,299,14,1,14,0,0,1,0,0,0,0,0,0,0,0,0
1431,11896,1,429,14,11,74,2,1,3,2,1,1,1,0,0,0,0,2
2438,20044,1,267,12,6,42,1,0,1,1,1,2,0,0,0,0,0,2
2238,18428,1,135,6,9,34,0,1,4,1,0,1,1,0,0,0,0,2
179,1505,1,43,10,2,16,1,0,0,0,0,0,0,0,0,0,0,0
2605,21603,1,173,12,1,12,0,0,0,0,0,0,0,0,0,0,0,0
706,6168,1,327,12,10,66,2,1,3,1,0,0,2,0,0,0,0,2
3885,32044,1,254,18,1,18,1,0,0,0,0,0,0,0,0,0,0,0
2179,17981,1,152,4,10,30,1,1,1,1,0,0,0,0,0,0,0,0
3796,31379,1,424,24,9,48,2,1,3,2,0,0,0,0,0,0,0,0
2706,22416,0,302,4,3,12,0,0,0,0,0,0,0,0,0,0,0,0
3885,32044,1,254,18,1,18,1,0,0,0,0,0,0,0,0,0,0,0
3281,27059,0,121,36,4,48,1,0,0,2,0,1,0,0,0,0,0,1
2843,23542,1,374,16,6,44,1,0,2,0,1,0,3,1,0,0,0,4
2192,18103,0,263,14,3,24,1,0,1,1,0,0,0,0,0,0,0,0
1678,13855,0,244,8,2,14,0,0,0,1,0,0,0,0,0,0,0,0
1384,11554,0,79,26,1,26,0,0,0,0,0,0,1,0,0,0,0,1
1089,9145,1,252,8,1,8,0,0,0,0,0,0,0,0,0,0,0,0
1107,9264,0,341,14,5,34,0,2,2,1,0,0,0,1,0,0,0,1
201,1748,1,203,18,1,18,0,0,1,0,0,0,0,0,0,0,0,0
1875,15482,1,102,8,2,10,0,0,0,0,0,0,0,0,0,0,0,0
289,2532,1,146,14,2,18,0,1,1,0,0,0,0,0,0,0,0,0
2784,23052,1,109,6,3,16,0,0,0,0,0,0,0,0,0,0,0,0
631,5711,1,73,6,1,6,0,0,0,0,0,0,0,0,0,0,0,0
1764,14547,0,358,10,10,36,2,2,2,0,2,0,3,0,0,0,0,3
949,7824,0,138,34,2,36,1,0,0,0,1,0,0,0,0,0,0,0
1806,14903,1,236,16,3,34,0,0,1,0,1,0,0,0,0,0,0,0
1196,10012,1,80,18,2,24,1,0,1,0,0,0,0,0,0,0,0,0
2679,22218,1,217,16,1,16,0,0,1,0,0,0,0,0,0,0,0,0
1258,10552,1,364,2,9,42,1,1,0,2,0,0,0,0,0,0,0,0
3629,30108,1,157,2,3,16,1,0,0,0,0,0,0,0,0,0,0,0
2361,19362,1,67,12,2,18,0,0,0,0,1,0,0,0,0,0,0,0
2958,24457,1,102,20,2,26,1,0,0,0,0,2,0,0,0,0,0,2
2536,20937,1,110,14,1,14,0,0,0,1,0,0,0,0,0,0,0,0
1932,16010,1,249,12,1,12,0,0,0,0,0,0,1,0,0,0,0,1
3076,25454,1,129,10,2,14,0,1,0,0,0,2,0,0,0,0,0,2
2737,22668,1,126,14,6,30,1,1,1,0,1,0,0,0,0,1,0,1
639,5755,0,130,22,2,24,1,1,0,0,0,0,0,0,0,0,1,0
3961,32651,1,120,6,8,22,1,0,2,1,0,0,0,0,0,1,0,1
1780,14668,1,205,8,2,10,0,0,0,0,0,0,1,0,0,0,0,1
3728,30989,0,134,6,2,12,0,0,0,0,0,0,0,0,0,0,0,0
1633,13551,1,167,14,11,48,2,1,5,1,1,1,0,0,0,0,0,1
2827,23385,1,240,36,5,56,0,1,3,0,1,0,0,0,0,0,0,0
355,3073,1,277,14,2,20,1,0,1,0,0,0,0,1,0,0,0,1
3558,29551,1,363,4,7,20,1,1,1,0,0,0,2,0,1,0,0,3
54,436,0,310,22,5,32,1,1,0,1,0,2,0,0,0,0,0,2
1420,11817,1,219,8,1,8,0,0,0,0,0,0,0,0,0,0,0,0
1451,12026,0,102,16,1,16,0,0,1,0,0,0,0,0,0,0,0,0
2953,24414,1,31,12,1,12,0,0,0,0,0,0,0,0,0,0,0,0
3494,28992,0,113,8,1,8,0,0,0,0,0,0,0,0,0,0,0,0
1661,13752,0,62,18,2,22,1,0,1,0,0,1,0,1,0,0,0,2
465,4182,0,270,4,2,6,0,0,0,0,0,0,0,0,0,0,1,0
1594,13222,1,328,10,10,58,3,2,2,2,0,0,0,0,0,0,0,0
1549,12826,1,225,22,9,70,1,1,3,1,1,0,1,0,0,0,0,1
2753,22762,1,163,14,6,30,1,2,0,2,0,0,0,0,0,0,0,0
3216,26499,1,93,10,4,26,0,0,0,0,0,0,0,0,0,0,0,0
1109,9283,1,227,24,2,30,1,0,1,0,0,0,0,0,0,0,0,0
3185,26242,1,97,28,1,28,0,0,0,0,1,0,0,0,0,0,1,0
1373,11486,1,193,14,2,18,1,1,0,0,0,0,0,0,0,0,0,0
617,5582,0,29,10,1,10,0,0,0,0,0,0,0,0,0,0,0,0
3932,32371,0,152,2,1,2,0,0,0,0,0,0,2,0,0,0,0,2
1082,9068,1,377,4,11,48,0,1,4,0,1,1,1,1,1,1,0,5
3504,29083,0,337,4,12,36,3,0,3,1,1,0,2,0,0,0,0,2
784,6703,1,374,10,5,30,2,0,1,1,0,0,0,1,0,0,0,1
2559,21128,1,164,14,2,20,0,0,0,1,0,1,0,0,0,0,1,1
2547,21028,1,20,10,1,10,0,0,0,0,0,0,0,0,0,0,0,0
3096,25579,0,216,12,1,12,0,0,0,0,0,0,1,0,0,0,1,1
957,7907,0,78,4,1,4,0,0,0,0,0,0,0,0,0,0,0,0
49,397,1,254,8,2,12,0,0,0,0,0,0,0,0,0,0,0,0
537,4859,1,244,8,2,10,0,0,0,0,0,0,0,0,0,0,0,0
183,1526,0,158,6,9,56,1,1,1,1,1,0,3,0,0,0,1,3
2019,16702,1,278,12,3,24,0,0,1,1,0,0,0,1,0,0,0,1
2668,22117,1,66,22,2,26,0,0,1,0,0,1,0,0,0,0,0,1
2157,17791,1,296,14,7,38,0,0,2,1,1,0,0,0,1,0,0,1
3012,24897,0,97,12,1,12,0,0,0,0,0,1,0,0,0,0,0,1
626,5669,1,175,36,1,36,0,0,0,0,0,0,1,0,0,0,0,1
1553,12875,1,310,2,1,2,0,0,0,0,0,0,0,0,0,0,0,0
3198,26344,1,127,16,2,18,0,0,0,0,0,0,0,0,0,0,0,0
2904,23938,1,33,6,1,6,0,0,0,0,0,0,0,1,0,0,1,1
543,4939,1,228,8,1,8,0,0,0,0,0,0,0,0,0,0,0,0
1839,15158,1,322,30,2,36,1,0,0,0,0,1,0,0,0,0,0,1
2121,17519,0,89,6,1,6,0,0,0,0,0,0,0,0,0,0,1,0
2398,19645,1,153,30,2,34,1,0,0,0,1,0,1,0,0,0,0,1
2843,23542,1,374,16,6,44,1,0,2,0,1,0,3,1,0,0,0,4
3752,31158,0,227,18,1,18,0,0,1,0,0,0,2,0,0,0,0,2
1067,8927,1,293,12,2,16,1,0,0,0,0,0,0,0,0,0,0,0
905,7559,1,207,16,1,16,0,0,1,0,0,0,0,0,0,0,0,0
3682,30589,1,384,14,8,42,1,0,1,3,2,1,1,0,1,0,0,3
280,2471,0,208,4,2,8,0,0,0,0,0,0,0,0,0,0,0,0
1914,15858,0,148,26,2,30,0,0,2,0,0,0,0,0,0,0,0,0
543,4939,1,228,8,1,8,0,0,0,0,0,0,0,0,0,0,0,0
3971,32712,1,299,6,2,10,0,0,0,0,0,0,0,0,0,0,0,0
2534,20904,1,311,6,1,6,0,0,0,0,0,0,0,0,0,0,1,0
2351,19281,1,232,8,7,48,2,1,1,0,0,0,0,0,0,0,0,0
300,2668,1,201,32,1,32,1,0,0,0,0,0,0,0,0,0,0,0
1251,10457,1,255,4,1,4,0,0,0,0,0,0,0,0,0,0,0,0
3276,27009,0,154,34,2,40,2,0,0,0,0,0,3,1,0,0,0,4
567,5147,1,276,20,3,26,0,0,1,1,1,0,0,1,0,0,0,1
3625,30081,1,271,16,1,16,0,0,0,1,0,1,0,0,0,0,0,1
815,6889,1,59,30,2,36,1,0,0,0,0,0,1,0,0,0,0,1
1947,16094,1,316,16,4,28,0,0,2,0,0,0,1,0,0,0,1,1
2157,17791,1,296,14,7,38,0,0,2,1,1,0,0,0,1,0,0,1
2019,16702,1,278,12,3,24,0,0,1,1,0,0,0,1,0,0,0,1
3078,25469,0,97,12,2,16,0,0,1,0,0,0,0,0,0,0,0,0
2587,21383,0,333,10,9,42,2,0,0,1,3,2,1,0,0,0,1,3
2593,21455,1,79,2,3,16,1,0,0,1,0,0,0,0,0,0,1,0
499,4549,0,68,12,4,26,0,1,0,2,0,0,0,0,0,0,0,0
3524,29275,1,166,10,1,10,0,0,0,0,0,0,0,0,0,0,0,0
3700,30763,1,113,10,2,14,0,0,1,0,0,0,0,0,0,0,0,0
3739,31063,1,292,12,1,12,0,0,0,0,0,0,0,0,0,0,1,0
3626,30083,1,262,8,11,30,4,1,2,0,0,1,0,0,1,0,0,2
2247,18507,1,183,14,2,22,0,0,0,1,0,0,0,0,0,0,1,0
1817,14981,1,75,16,1,16,1,0,0,0,0,0,0,0,0,0,0,0
639,5755,0,130,22,2,24,1,1,0,0,0,0,0,0,0,0,1,0
2467,20277,1,177,14,11,36,1,0,3,0,1,0,0,0,0,0,0,0
760,6551,1,396,12,9,44,1,1,2,0,0,1,2,0,0,0,1,3
2054,16988,0,179,8,2,10,0,0,0,0,0,0,0,0,0,0,1,0
2286,18737,1,228,10,1,10,0,0,0,0,0,0,0,0,0,0,0,0
3154,26033,1,221,6,1,6,0,0,0,0,0,0,0,1,0,0,0,1
1750,14411,0,257,14,2,22,1,0,1,0,0,0,0,0,0,0,0,0
1940,16055,0,117,12,2,14,0,0,0,0,0,0,0,1,0,0,0,1
2152,17766,1,61,16,2,22,0,0,0,1,0,0,1,0,0,0,0,1
1678,13855,0,244,8,2,14,0,0,0,1,0,0,0,0,0,0,0,0
3141,25930,1,223,2,5,12,0,0,0,0,0,1,0,0,0,0,0,1
1008,8339,0,301,4,2,6,0,0,0,0,0,0,0,0,0,0,0,0
779,6672,0,53,12,2,18,1,0,0,0,0,0,0,0,0,0,0,0
3595,29825,1,187,34,2,38,0,0,0,1,0,0,1,0,0,0,0,1
255,2227,1,167,18,5,32,1,0,1,3,0,0,0,0,0,0,0,0
3178,26207,1,249,4,7,20,1,0,1,0,0,2,1,0,0,0,0,3
396,3569,1,266,10,4,32,0,0,0,0,2,1,0,0,1,1,0,3
2251,18526,1,26,12,1,12,0,0,0,0,0,0,0,0,0,0,0,0
1849,15218,1,190,34,7,48,2,0,5,0,0,0,1,0,0,0,0,1
784,6703,1,374,10,5,30,2,0,1,1,0,0,0,1,0,0,0,1
2375,19458,1,284,14,1,14,0,0,1,0,0,0,0,2,0,0,0,2
3404,28168,0,201,8,2,16,0,0,0,0,0,0,0,0,0,0,0,0
3301,27257,1,450,2,12,32,3,1,1,0,1,0,1,0,1,0,0,2
2110,17419,0,202,10,4,26,1,0,0,1,0,2,0,0,0,0,0,2
1102,9234,1,221,8,1,8,0,0,0,0,0,0,0,0,0,0,0,0
2221,18324,0,181,16,2,18,0,1,0,0,0,0,0,0,0,0,0,0
3614,30004,0,275,26,12,64,3,0,3,1,1,0,0,1,0,0,0,1
1496,12427,1,43,16,2,22,1,0,0,0,1,0,0,0,0,0,0,0
2041,16887,0,344,24,10,80,1,1,2,0,2,0,0,0,0,0,1,0
3982,32853,0,148,14,2,22,0,0,0,0,0,0,0,0,0,0,0,0
1363,11396,1,269,10,5,32,2,0,1,0,0,0,0,0,0,0,0,0
3011,24896,1,219,6,2,8,0,0,0,0,0,0,0,0,0,0,0,0
1217,10206,1,415,10,12,68,3,0,2,1,1,2,2,0,0,0,0,4
2246,18493,1,421,12,10,66,1,1,4,1,1,0,2,0,0,0,0,2
374,3270,1,223,10,6,24,0,0,2,1,1,0,0,0,0,0,0,0
2001,16586,0,291,6,1,6,0,0,0,0,0,0,1,0,0,0,0,1
3012,24897,0,97,12,1,12,0,0,0,0,0,1,0,0,0,0,0,1
3422,28336,0,297,2,2,6,0,0,0,0,0,0,0,0,0,0,0,0
2318,19016,0,161,14,1,14,0,1,0,0,0,1,0,0,0,0,0,1
1442,11994,0,293,12,2,14,1,0,0,0,0,0,0,0,0,0,0,0
1609,13327,0,161,6,2,10,0,0,0,0,0,2,2,0,0,0,0,4
2971,24588,0,110,10,1,10,0,0,0,0,0,0,0,0,0,0,0,0
1258,10552,1,364,2,9,42,1,1,0,2,0,0,0,0,0,0,0,0
2870,23677,1,225,32,2,40,0,1,0,0,0,1,0,0,0,0,0,1
2300,18897,1,328,10,2,12,0,0,0,0,0,0,0,1,0,0,0,1
3571,29643,1,63,6,2,10,0,0,0,0,0,0,0,0,0,0,0,0
963,7943,1,302,2,1,2,0,0,0,0,0,0,0,0,0,0,1,0
59,450,1,148,22,3,30,1,0,2,0,0,0,0,0,0,0,0,0
3566,29624,1,271,14,3,22,0,1,1,0,0,0,0,0,0,0,0,0
2110,17419,0,202,10,4,26,1,0,0,1,0,2,0,0,0,0,0,2
3027,25059,1,177,6,2,14,1,0,0,0,0,1,0,0,0,0,0,1
3149,25979,1,130,30,1,30,0,0,0,0,0,0,1,0,0,0,0,1
3890,32092,1,139,12,1,12,0,0,0,0,0,0,0,0,0,0,0,0
352,3067,0,158,32,2,34,0,0,1,1,0,0,0,0,0,0,0,0
2109,17415,1,244,4,1,4,0,0,0,0,0,2,0,0,0,0,0,2
2487,20458,1,149,4,2,12,0,0,0,0,0,0,1,0,0,0,1,1
3759,31188,0,195,6,2,14,1,0,0,0,0,0,0,0,0,0,1,0
2923,24112,1,176,32,6,68,0,0,2,2,0,0,0,0,1,0,0,1
1609,13327,0,161,6,2,10,0,0,0,0,0,2,2,0,0,0,0,4
511,4653,0,258,28,7,60,0,1,1,1,0,1,3,1,0,1,1,6
2598,21544,1,318,10,2,14,0,0,1,0,0,1,1,0,0,0,0,2
2118,17489,1,212,10,6,22,1,0,0,0,2,0,1,0,0,0,0,1
2939,24304,0,249,32,2,40,0,0,1,0,1,0,1,0,0,0,0,1
440,3943,1,198,8,2,12,0,0,0,0,0,0,0,0,0,0,0,0
1443,11996,1,163,28,2,32,1,0,0,0,0,1,0,0,0,0,0,1
289,2532,1,146,14,2,18,0,1,1,0,0,0,0,0,0,0,0,0
3527,29284,1,114,12,1,12,0,0,0,0,0,1,0,0,0,0,0,1
3190,26266,0,242,10,11,62,0,0,3,1,3,1,0,0,0,0,0,1
3174,26169,1,95,20,1,20,0,0,0,0,0,0,1,0,0,0,0,1
129,1101,1,257,2,1,2,0,0,0,0,0,0,0,0,0,0,0,0
2541,20980,0,121,4,2,12,0,0,0,0,0,0,0,0,0,0,0,0
428,3779,1,193,12,1,12,0,0,0,0,0,0,0,0,0,0,0,0
2031,16805,1,216,16,6,48,2,0,1,1,0,0,0,0,0,0,1,0
2683,22250,1,228,12,1,12,0,0,0,0,0,0,0,0,0,0,0,0
2856,23603,1,90,22,1,22,1,0,0,0,0,1,0,0,0,0,0,1
1442,11994,0,293,12,2,14,1,0,0,0,0,0,0,0,0,0,0,0
1337,11113,1,101,16,2,22,0,0,1,0,1,0,0,0,0,0,0,0
1683,13896,1,158,14,1,14,0,0,1,0,0,0,2,0,0,0,0,2
3489,28967,1,360,30,9,74,1,2,3,0,1,0,1,0,0,0,0,1
2521,20777,1,90,12,2,14,0,0,1,0,0,0,0,0,0,0,0,0
213,1825,1,432,12,11,76,3,2,2,0,0,1,2,0,0,0,0,3
1843,15184,1,262,10,2,12,0,0,0,0,0,0,0,0,0,0,0,0
3277,27010,1,141,16,3,24,1,0,2,0,0,0,0,0,0,0,0,0
3033,25132,1,111,2,1,2,0,0,0,0,0,0,0,0,0,0,0,0
3254,26782,0,257,4,11,30,0,2,2,0,1,0,0,0,0,0,0,0
3144,25942,1,49,10,1,10,0,0,0,0,0,0,0,0,0,0,0,0
1420,11817,1,219,8,1,8,0,0,0,0,0,0,0,0,0,0,0,0
2672,22148,1,368,24,11,74,2,1,1,1,0,0,2,0,0,0,0,2
3316,27316,1,258,14,1,14,0,0,1,0,0,0,2,0,0,0,0,2
652,5828,1,203,14,1,14,0,1,0,0,0,0,0,0,0,0,0,0
1101,9230,0,219,14,5,40,2,1,1,0,0,0,1,0,0,0,0,1
2440,20050,0,161,4,1,4,0,0,0,0,0,0,0,0,0,0,0,0
1210,10131,0,247,14,3,22,1,0,1,0,0,1,0,0,0,0,0,1
3513,29153,0,228,10,1,10,0,0,0,0,0,0,0,0,0,0,0,0
3477,28871,0,53,22,3,32,2,0,0,0,0,0,0,0,0,0,0,0
3338,27520,0,217,14,2,16,1,0,1,0,0,1,0,0,0,0,0,1
66,553,1,126,16,8,48,2,1,1,2,0,0,2,1,0,0,0,3
1342,11138,1,292,12,1,12,0,0,0,0,0,0,0,0,0,0,0,0
881,7332,1,246,22,2,24,0,1,1,0,0,0,0,0,0,0,0,0
595,5383,0,175,16,2,20,1,0,0,1,0,0,0,0,0,0,0,0
2903,23925,1,284,2,1,2,0,0,0,0,0,1,1,0,0,0,0,2
464,4173,1,128,18,2,24,0,0,1,0,0,1,0,0,0,0,0,1
3110,25688,0,275,24,3,34,1,0,0,0,1,0,0,0,0,0,0,0
1668,13780,1,108,8,2,14,0,1,0,0,0,1,0,0,0,0,0,1
2501,20597,0,114,30,2,32,1,1,0,0,0,0,0,0,0,0,0,0
2694,22335,0,142,10,4,26,0,0,1,1,0,0,0,0,0,0,0,0
45,353,0,317,10,3,28,0,0,0,0,0,1,1,0,0,0,0,2
1021,8423,1,103,22,2,26,0,0,1,0,0,1,0,0,0,0,0,1
3004,24868,1,166,6,3,20,0,0,0,0,0,1,0,0,0,0,0,1
2,29,0,128,8,2,10,0,0,0,0,0,0,0,0,0,0,0,0
2288,18751,0,347,36,6,54,1,0,4,0,0,0,0,1,0,1,0,2
260,2263,0,243,4,1,4,0,0,0,0,0,0,0,0,0,0,0,0
1357,11315,0,316,26,8,72,1,1,1,1,1,2,1,0,0,0,1,3
2134,17634,1,199,32,2,34,0,2,0,0,0,0,1,0,0,0,0,1
1349,11234,0,337,10,10,66,3,1,2,0,0,1,2,0,0,0,0,3
2462,20212,1,208,8,1,8,0,0,0,0,0,1,0,0,0,0,0,1
3186,26250,1,275,4,11,40,1,0,3,0,1,0,0,0,0,0,1,0
1998,16548,1,328,4,5,18,0,0,1,0,0,0,1,0,0,0,0,1
3451,28600,0,203,4,4,22,1,0,0,1,0,0,0,0,0,0,0,0
1321,10978,1,294,10,3,22,0,0,1,1,0,0,0,0,0,0,0,0
2595,21471,1,206,14,1,14,0,0,0,1,0,0,1,0,0,0,0,1
253,2213,0,212,16,5,38,1,0,1,2,0,0,1,1,0,0,1,2
2451,20109,0,72,2,2,4,0,0,0,0,0,3,0,0,0,0,0,3
2351,19281,1,232,8,7,48,2,1,1,0,0,0,0,0,0,0,0,0
2133,17633,1,133,34,2,38,0,0,1,0,0,0,0,2,0,0,0,2
595,5383,0,175,16,2,20,1,0,0,1,0,0,0,0,0,0,0,0
882,7333,1,233,2,2,8,0,0,0,0,0,0,0,0,0,0,0,0
3723,30969,1,202,8,1,8,0,0,0,0,0,0,0,0,0,0,0,0
3629,30108,1,157,2,3,16,1,0,0,0,0,0,0,0,0,0,0,0
2536,20937,1,110,14,1,14,0,0,0,1,0,0,0,0,0,0,0,0
1733,14287,1,257,8,8,26,0,1,0,2,0,0,0,0,0,0,0,0
3360,27751,1,309,6,1,6,0,0,0,0,0,0,0,1,0,0,0,1
3288,27115,1,125,4,1,4,0,0,0,0,0,1,0,0,0,0,0,1
399,3609,1,243,4,1,4,0,0,0,0,0,0,0,0,0,0,0,0
1796,14830,1,372,12,7,48,1,1,1,2,1,0,1,0,0,1,0,2
2481,20418,1,397,22,10,72,5,1,2,0,0,0,0,1,0,0,0,1
2247,18507,1,183,14,2,22,0,0,0,1,0,0,0,0,0,0,1,0
1120,9423,1,193,8,6,20,0,1,2,1,0,0,0,0,0,0,0,0
629,5676,1,277,8,1,8,0,0,0,0,0,0,0,0,0,0,0,0
1678,13855,0,244,8,2,14,0,0,0,1,0,0,0,0,0,0,0,0
3146,25948,0,58,10,1,10,0,0,0,0,0,2,0,0,0,0,0,2
3943,32505,1,119,10,1,10,0,0,0,0,0,0,0,0,0,0,0,0
2555,21101,1,86,6,3,14,0,0,0,0,0,1,0,0,0,0,0,1
629,5676,1,277,8,1,8,0,0,0,0,0,0,0,0,0,0,0,0
529,4796,1,372,30,11,60,4,1,3,1,1,1,0,1,1,1,0,4
2143,17726,0,319,10,2,12,0,0,0,0,0,0,1,0,0,0,0,1
3103,25614,1,360,12,8,60,1,0,4,1,0,1,0,1,0,0,0,2
3432,28404,1,173,18,1,18,0,0,0,0,1,0,0,1,0,0,0,1
54,436,0,310,22,5,32,1,1,0,1,0,2,0,0,0,0,0,2
1997,16546,1,166,12,2,20,0,0,0,1,0,0,1,1,0,0,0,2
755,6496,0,318,2,3,14,0,0,0,0,0,1,0,0,0,0,0,1
3403,28155,0,126,16,1,16,0,1,0,0,0,0,0,0,0,0,0,0
2828,23400,0,215,12,2,16,1,0,0,0,0,0,0,0,0,0,0,0
2940,24309,0,267,8,1,8,0,0,0,0,0,0,0,0,0,0,0,0
3463,28752,1,204,6,2,14,0,1,0,0,0,0,1,0,0,0,0,1
3148,25972,1,139,28,2,30,1,1,0,0,0,0,0,0,0,0,0,0
3291,27150,0,36,16,1,16,1,0,0,0,0,0,0,0,0,0,0,0
866,7230,1,161,4,1,4,0,0,0,0,0,0,0,0,0,0,0,0
924,7699,1,319,16,5,32,0,1,1,0,0,1,2,0,0,0,1,3
1382,11550,0,319,22,11,50,2,1,1,4,1,1,1,0,0,0,0,2
1403,11697,1,289,12,12,60,1,2,3,1,2,1,1,0,0,0,0,2
1598,13244,0,254,18,1,18,0,0,0,0,0,0,0,0,0,0,0,0
2746,22736,1,150,30,5,42,1,0,1,1,2,3,0,0,0,0,0,3
1490,12384,0,252,14,2,16,1,0,1,0,0,0,0,0,0,0,0,0
2393,19601,1,381,8,8,26,2,0,1,1,1,0,1,0,0,0,0,1
1899,15723,1,183,12,2,16,1,0,0,0,0,0,0,0,0,0,0,0
2631,21848,1,253,12,2,16,1,0,0,0,0,0,0,0,0,0,0,0
1431,11896,1,429,14,11,74,2,1,3,2,1,1,1,0,0,0,0,2
3922,32305,0,239,16,2,24,0,0,2,0,0,0,2,0,0,0,1,2
3504,29083,0,337,4,12,36,3,0,3,1,1,0,2,0,0,0,0,2
3025,25018,0,34,12,1,12,0,0,0,0,0,0,0,0,0,0,0,0
2811,23286,1,171,12,1,12,0,0,0,0,0,0,0,1,0,0,0,1
1673,13829,1,218,6,1,6,0,0,0,0,0,0,0,0,0,0,0,0
2417,19881,1,178,4,2,8,0,0,0,0,0,0,3,0,0,0,0,3
1490,12384,0,252,14,2,16,1,0,1,0,0,0,0,0,0,0,0,0
894,7455,1,233,16,2,18,0,0,0,1,0,0,1,0,0,0,0,1
1756,14459,1,206,8,1,8,0,0,0,0,0,1,2,0,0,0,0,3
2094,17309,1,280,26,3,42,0,0,0,0,0,0,0,0,0,0,0,0
281,2473,1,45,26,2,34,2,0,0,0,0,0,0,0,0,0,0,0
293,2594,1,131,8,6,30,0,1,1,1,0,0,0,0,0,0,0,0
493,4490,1,372,20,8,66,2,0,3,1,1,0,1,1,1,0,0,3
2534,20904,1,311,6,1,6,0,0,0,0,0,0,0,0,0,0,1,0
3000,24836,0,169,6,7,44,2,1,2,0,0,0,0,0,0,0,0,0
1190,9967,1,213,16,7,54,2,0,3,0,0,1,1,0,0,0,0,2
1700,14034,1,155,6,10,42,1,1,1,2,0,1,1,0,0,1,0,3
1814,14965,1,324,32,7,58,1,0,2,1,0,0,0,2,0,0,0,2
3730,31021,1,115,8,1,8,0,0,0,0,0,0,1,0,0,0,0,1
3097,25580,1,205,6,7,46,0,1,2,0,0,3,1,0,0,0,0,4
1082,9068,1,377,4,11,48,0,1,4,0,1,1,1,1,1,1,0,5
3706,30803,1,85,26,2,34,0,0,1,0,0,0,2,0,0,0,0,2
1930,15989,1,171,2,2,10,0,0,0,0,0,0,0,0,0,0,0,0
3246,26717,1,126,12,6,42,0,0,1,2,1,0,0,0,0,0,1,0
3136,25904,0,100,8,1,8,0,0,0,0,0,1,0,0,0,0,0,1
1617,13378,1,251,4,2,12,0,0,0,0,0,0,0,0,0,0,0,0
3759,31188,0,195,6,2,14,1,0,0,0,0,0,0,0,0,0,1,0
2958,24457,1,102,20,2,26,1,0,0,0,0,2,0,0,0,0,0,2
1912,15830,0,221,14,1,14,0,0,0,0,1,0,0,0,0,0,0,0
190,1577,1,311,2,9,34,2,1,2,2,0,0,0,0,0,0,0,0
1537,12730,1,193,8,5,36,0,0,1,0,1,1,0,0,0,1,0,2
626,5669,1,175,36,1,36,0,0,0,0,0,0,1,0,0,0,0,1
598,5417,0,288,6,11,70,3,1,2,1,1,2,0,2,0,0,1,4
3307,27274,0,240,4,2,6,0,0,0,0,0,1,0,0,0,0,0,1
2986,24718,0,423,8,12,44,3,0,4,1,0,1,1,0,0,0,0,2
782,6700,1,342,8,4,22,1,0,1,1,0,0,0,1,0,0,0,1
753,6485,1,263,2,1,2,0,0,0,0,0,0,0,0,0,0,0,0
972,8001,1,167,14,3,24,0,1,1,0,1,0,0,1,0,0,0,1
629,5676,1,277,8,1,8,0,0,0,0,0,0,0,0,0,0,0,0
2587,21383,0,333,10,9,42,2,0,0,1,3,2,1,0,0,0,1,3
3278,27018,1,277,12,1,12,0,0,0,0,0,0,0,0,0,0,0,0
617,5582,0,29,10,1,10,0,0,0,0,0,0,0,0,0,0,0,0
1173,9832,1,127,2,2,4,0,0,0,0,0,0,0,0,0,0,0,0
2603,21582,0,184,14,4,24,1,0,1,1,0,0,0,0,0,0,1,0
3421,28332,1,150,36,2,40,0,1,1,0,0,0,0,0,0,0,0,0
2280,18691,1,311,30,12,66,2,0,3,0,2,0,1,0,0,0,0,1
1743,14352,1,277,12,6,44,2,0,1,1,0,0,0,0,0,0,0,0
739,6369,1,243,12,2,18,1,0,0,0,0,0,0,0,0,0,0,0
1403,11697,1,289,12,12,60,1,2,3,1,2,1,1,0,0,0,0,2
2600,21576,1,282,16,10,66,2,1,3,2,0,0,0,0,1,0,0,1
1404,11702,1,256,10,9,32,0,1,2,3,0,0,0,0,0,0,0,0
686,6058,1,139,10,1,10,0,0,0,0,0,0,0,0,0,0,0,0
3163,26072,1,119,14,2,22,1,0,0,0,0,0,0,1,0,1,0,2
2705,22414,1,80,6,1,6,0,0,0,0,0,0,0,0,0,0,0,0
737,6347,0,231,20,2,26,0,0,1,0,0,0,1,0,0,0,0,1
273,2382,1,305,16,8,60,2,0,0,2,2,0,2,0,0,0,0,2
524,4762,1,300,20,7,40,0,1,2,0,1,2,1,0,0,0,0,3
1765,14557,1,186,10,2,16,1,0,0,0,0,2,1,0,0,0,0,3
2637,21884,1,389,16,7,38,3,0,2,0,1,0,2,0,0,0,0,2
815,6889,1,59,30,2,36,1,0,0,0,0,0,1,0,0,0,0,1
882,7333,1,233,2,2,8,0,0,0,0,0,0,0,0,0,0,0,0
3484,28932,1,165,14,1,14,1,0,0,0,0,0,0,0,0,0,0,0
3014,24920,1,332,4,8,36,0,1,2,0,1,0,0,0,0,1,0,1
805,6818,1,260,6,7,38,1,0,4,1,0,0,0,0,0,0,0,0
1787,14734,1,250,4,3,12,0,0,0,0,0,0,0,0,0,0,0,0
3193,26272,1,205,2,1,2,0,0,0,0,0,0,1,0,0,0,0,1
810,6850,1,96,28,4,44,2,0,0,0,0,1,1,0,0,0,0,2
165,1364,1,477,20,12,68,2,1,5,0,0,1,3,1,0,0,0,5
1562,12952,0,167,2,1,2,0,0,0,0,0,0,0,0,0,0,0,0
3033,25132,1,111,2,1,2,0,0,0,0,0,0,0,0,0,0,0,0
2192,18103,0,263,14,3,24,1,0,1,1,0,0,0,0,0,0,0,0
3558,29551,1,363,4,7,20,1,1,1,0,0,0,2,0,1,0,0,3
3281,27059,0,121,36,4,48,1,0,0,2,0,1,0,0,0,0,0,1
3426,28363,1,380,8,6,34,2,1,0,0,1,0,0,0,0,0,0,0
2841,23525,0,183,2,1,2,0,0,0,0,0,1,2,0,0,0,0,3
856,7122,0,364,10,5,24,1,0,1,0,0,0,1,0,0,0,1,1
587,5333,1,165,14,1,14,1,0,0,0,0,0,0,0,0,0,0,0
172,1442,1,149,8,1,8,0,0,0,0,0,0,0,0,0,0,0,0
2208,18215,1,358,6,7,40,2,1,1,0,0,1,3,0,1,0,0,5
1957,16190,1,197,16,3,28,1,0,0,0,1,0,1,0,0,0,1,1
1495,12424,1,23,10,1,10,0,0,0,0,0,0,0,0,0,0,0,0
1356,11314,1,298,10,1,10,0,0,0,0,0,0,0,0,0,0,0,0
516,4722,1,175,30,2,32,1,0,1,0,0,0,0,0,0,0,0,0
3098,25590,1,114,28,1,28,0,0,1,0,0,3,0,0,0,0,0,3
1499,12452,0,285,16,2,22,0,0,0,0,0,0,2,0,0,0,0,2
1452,12036,0,71,4,2,10,0,0,0,0,0,0,0,0,0,0,0,0
2721,22557,0,155,14,9,60,3,1,2,2,0,0,2,0,0,0,0,2
325,2875,0,361,16,11,80,2,1,6,0,2,0,0,0,0,0,0,0
2953,24414,1,31,12,1,12,0,0,0,0,0,0,0,0,0,0,0,0
3827,31558,1,186,16,1,16,0,0,1,0,0,0,0,0,0,0,0,0
2238,18428,1,135,6,9,34,0,1,4,1,0,1,1,0,0,0,0,2
376,3308,1,246,10,8,32,3,0,0,1,1,1,0,0,0,0,0,1
2491,20511,1,153,16,2,20,0,0,0,0,1,1,1,0,0,0,0,2
1356,11314,1,298,10,1,10,0,0,0,0,0,0,0,0,0,0,0,0
3089,25522,1,234,30,1,30,1,0,0,0,0,1,0,1,0,0,0,2
349,3055,0,248,16,8,38,3,0,2,1,0,1,1,0,0,0,1,2
3965,32679,1,96,4,2,10,0,0,0,0,0,0,0,0,0,0,0,0
738,6348,1,128,14,1,14,0,0,0,0,0,1,0,0,0,0,0,1
1496,12427,1,43,16,2,22,1,0,0,0,1,0,0,0,0,0,0,0
167,1371,1,295,32,2,40,2,0,0,0,0,0,0,0,0,0,0,0
2930,24195,1,26,6,1,6,0,0,0,0,0,0,0,1,0,0,0,1
435,3882,1,223,4,7,22,1,0,2,1,0,1,1,1,0,0,0,3
3629,30108,1,157,2,3,16,1,0,0,0,0,0,0,0,0,0,0,0
2738,22669,0,303,2,1,2,0,0,0,0,0,0,0,0,0,0,0,0
1222,10228,1,257,14,3,22,2,1,0,0,0,0,0,0,0,0,0,0
2491,20511,1,153,16,2,20,0,0,0,0,1,1,1,0,0,0,0,2
3589,29799,0,229,12,1,12,0,0,0,0,0,0,0,0,0,0,0,0
160,1329,1,163,2,1,2,0,0,0,0,0,0,0,0,0,0,0,0
1709,14101,1,130,2,2,4,0,0,0,0,0,0,0,0,0,0,0,0
258,2253,1,260,12,1,12,0,0,0,0,0,0,0,0,0,0,0,0
359,3099,0,248,34,7,52,4,0,0,1,1,1,0,0,0,0,0,1
3359,27750,0,199,18,1,18,0,0,0,0,1,0,0,0,0,0,0,0
3871,31928,1,93,24,6,48,2,0,1,0,0,0,0,0,0,0,0,0
3939,32437,0,39,28,2,30,1,0,0,0,0,0,0,1,0,0,1,1
1057,8744,1,221,14,2,22,0,0,1,0,0,1,0,0,0,0,0,1
2870,23677,1,225,32,2,40,0,1,0,0,0,1,0,0,0,0,0,1
24,201,1,57,2,1,2,0,0,0,0,0,0,0,0,0,0,0,0
3413,28221,0,253,6,1,6,0,0,0,0,0,1,2,0,0,0,1,3
183,1526,0,158,6,9,56,1,1,1,1,1,0,3,0,0,0,1,3
1976,16382,1,288,14,2,18,0,0,1,0,1,0,0,2,0,0,0,2
1843,15184,1,262,10,2,12,0,0,0,0,0,0,0,0,0,0,0,0
2529,20857,0,159,32,1,32,0,0,0,0,1,0,0,0,0,0,0,0
1045,8626,0,287,20,2,24,0,1,0,0,0,0,1,0,0,0,0,1
1483,12338,1,280,14,2,22,1,0,1,0,0,0,0,0,0,0,0,0
1431,11896,1,429,14,11,74,2,1,3,2,1,1,1,0,0,0,0,2
2986,24718,0,423,8,12,44,3,0,4,1,0,1,1,0,0,0,0,2
595,5383,0,175,16,2,20,1,0,0,1,0,0,0,0,0,0,0,0
1378,11504,1,232,26,1,26,0,0,1,0,0,0,0,0,0,0,0,0
3489,28967,1,360,30,9,74,1,2,3,0,1,0,1,0,0,0,0,1
1373,11486,1,193,14,2,18,1,1,0,0,0,0,0,0,0,0,0,0
700,6118,0,202,16,2,18,0,0,2,0,0,0,0,0,0,0,0,0
1217,10206,1,415,10,12,68,3,0,2,1,1,2,2,0,0,0,0,4
3257,26807,1,260,16,2,20,2,0,0,0,0,1,0,0,0,0,0,1
2666,22108,0,234,10,1,10,0,0,0,0,0,0,0,0,0,0,0,0
3273,26982,1,260,26,2,32,0,0,1,0,0,0,0,0,0,0,0,0
3296,27190,1,167,14,3,24,0,1,1,0,0,0,0,0,0,0,0,0
1357,11315,0,316,26,8,72,1,1,1,1,1,2,1,0,0,0,1,3
1180,9883,1,243,26,9,56,1,2,2,1,0,0,3,0,0,0,0,3
3139,25919,1,127,14,2,22,2,0,0,0,0,0,0,0,0,1,0,1
3490,28970,1,308,8,1,8,0,0,0,0,0,0,0,1,0,0,0,1
702,6134,1,206,14,4,28,0,0,2,0,1,1,0,0,0,0,1,1
662,5894,0,287,4,1,4,0,0,0,0,0,0,0,0,0,0,0,0
298,2649,1,143,10,1,10,0,0,0,0,0,0,0,0,0,0,0,0
2238,18428,1,135,6,9,34,0,1,4,1,0,1,1,0,0,0,0,2
3208,26460,1,232,30,1,30,1,0,0,0,0,0,0,0,0,0,0,0
2384,19523,0,223,12,2,18,0,0,1,0,0,0,0,0,0,0,0,0
2544,21013,1,349,14,7,56,2,2,2,0,0,0,1,0,0,0,0,1
827,6947,1,87,22,2,30,1,0,0,0,1,0,0,0,0,0,0,0
406,3665,1,152,4,2,10,0,0,0,0,0,0,0,0,0,0,0,0
2781,23021,0,152,20,1,20,0,0,0,1,0,0,0,0,0,0,0,0
1103,9246,0,64,10,2,16,0,0,0,0,0,1,0,0,0,0,1,1
3165,26084,1,114,6,7,36,2,0,3,1,0,1,0,1,0,0,0,2
2806,23262,1,335,18,12,66,1,0,5,1,1,0,0,0,0,0,0,0
2067,17118,1,235,16,2,24,1,0,0,1,0,0,1,0,0,1,1,2
2678,22201,1,144,16,1,16,0,0,0,0,1,0,2,0,0,0,0,2
1996,16537,0,46,12,1,12,0,0,0,0,0,0,0,1,0,0,0,1
1175,9835,1,64,2,2,6,0,0,0,0,0,0,0,0,0,0,0,0
284,2505,1,297,8,7,22,0,2,1,0,0,1,0,0,0,0,0,1
2572,21241,1,308,12,2,16,0,1,0,0,0,0,0,1,0,0,0,1
3092,25542,0,95,34,2,38,1,0,0,0,0,0,1,0,0,0,0,1
686,6058,1,139,10,1,10,0,0,0,0,0,0,0,0,0,0,0,0
2678,22201,1,144,16,1,16,0,0,0,0,1,0,2,0,0,0,0,2
2575,21272,0,71,16,2,20,1,0,0,0,0,0,0,0,0,0,1,0
1094,9172,1,260,14,2,16,1,0,1,0,0,0,0,0,0,0,0,0
1442,11994,0,293,12,2,14,1,0,0,0,0,0,0,0,0,0,0,0
2863,23645,0,399,18,7,38,3,0,1,1,0,0,0,0,0,0,0,0
3563,29597,0,214,36,7,64,1,0,3,2,0,0,0,0,1,0,0,1
3512,29144,0,341,24,4,36,0,1,1,1,1,0,0,0,0,0,0,0
1392,11610,1,196,16,4,32,1,2,1,0,0,0,0,0,0,0,0,0
2445,20072,1,410,22,10,44,2,1,3,0,2,1,1,0,0,1,0,3
1158,9727,1,421,14,12,50,1,1,1,1,3,2,2,0,0,0,0,4
1184,9923,1,269,24,1,24,1,0,0,0,0,0,0,0,0,0,0,0
3309,27284,1,138,16,1,16,0,0,0,1,0,1,0,0,0,0,0,1
2038,16850,1,229,4,8,22,0,1,1,1,0,0,0,0,0,0,0,0
3533,29347,0,94,12,1,12,0,0,0,0,0,0,1,0,0,0,0,1
2498,20583,1,249,10,7,50,2,1,1,1,1,0,1,0,0,0,0,1
1158,9727,1,421,14,12,50,1,1,1,1,3,2,2,0,0,0,0,4
1149,9683,1,178,12,2,14,0,1,0,0,0,0,0,0,0,0,0,0
1563,12956,1,323,12,7,26,2,1,1,0,0,0,1,0,0,0,1,1
1932,16010,1,249,12,1,12,0,0,0,0,0,0,1,0,0,0,0,1
2705,22414,1,80,6,1,6,0,0,0,0,0,0,0,0,0,0,0,0
1031,8528,0,455,12,11,66,2,0,3,4,0,0,1,1,0,0,0,2
1741,14349,1,185,30,1,30,0,1,0,0,0,0,0,1,0,0,0,1
2554,21060,0,123,12,8,54,1,0,2,0,2,0,0,0,0,0,0,0
1925,15950,1,146,6,6,32,0,0,1,0,0,0,0,0,0,0,0,0
2575,21272,0,71,16,2,20,1,0,0,0,0,0,0,0,0,0,1,0
1210,10131,0,247,14,3,22,1,0,1,0,0,1,0,0,0,0,0,1
2611,21670,0,113,20,2,24,0,0,2,0,0,1,0,0,0,0,0,1
830,6966,1,334,4,11,38,1,0,0,0,0,0,2,0,0,0,0,2
1930,15989,1,171,2,2,10,0,0,0,0,0,0,0,0,0,0,0,0
865,7225,1,121,10,2,16,1,0,0,0,0,0,0,0,0,0,0,0
1452,12036,0,71,4,2,10,0,0,0,0,0,0,0,0,0,0,0,0
2240,18447,1,119,32,2,36,1,0,1,0,0,0,0,0,0,0,0,0
2152,17766,1,61,16,2,22,0,0,0,1,0,0,1,0,0,0,0,1
3589,29799,0,229,12,1,12,0,0,0,0,0,0,0,0,0,0,0,0
3884,32038,1,208,10,10,32,3,2,2,0,0,0,1,0,0,0,0,1
469,4231,1,241,6,2,14,0,0,0,0,1,0,0,0,0,0,0,0
3462,28744,1,128,16,2,22,2,0,0,0,0,0,0,1,0,0,0,1
2634,21858,0,327,8,2,14,0,0,0,1,0,0,1,1,0,0,0,2
844,7064,1,61,14,1,14,0,0,0,1,0,0,0,0,0,0,0,0
2101,17340,1,225,14,9,66,2,2,2,2,1,0,0,0,0,0,1,0
301,2673,1,110,10,6,28,0,2,1,0,1,0,0,0,0,0,0,0
2001,16586,0,291,6,1,6,0,0,0,0,0,0,1,0,0,0,0,1
734,6317,1,234,8,8,40,0,2,0,0,0,3,2,0,0,0,1,5
771,6628,0,162,12,1,12,0,0,0,0,0,0,0,0,0,0,0,0
2041,16887,0,344,24,10,80,1,1,2,0,2,0,0,0,0,0,1,0
3772,31257,1,220,14,1,14,0,1,0,0,0,0,0,0,0,0,0,0
2501,20597,0,114,30,2,32,1,1,0,0,0,0,0,0,0,0,0,0
1537,12730,1,193,8,5,36,0,0,1,0,1,1,0,0,0,1,0,2
300,2668,1,201,32,1,32,1,0,0,0,0,0,0,0,0,0,0,0
734,6317,1,234,8,8,40,0,2,0,0,0,3,2,0,0,0,1,5
2335,19198,1,380,16,11,76,3,3,2,1,1,0,0,0,0,0,0,0
1107,9264,0,341,14,5,34,0,2,2,1,0,0,0,1,0,0,0,1
2487,20458,1,149,4,2,12,0,0,0,0,0,0,1,0,0,0,1,1
1745,14380,1,282,4,1,4,0,0,0,0,0,0,0,0,0,0,0,0
3054,25319,1,286,30,8,54,1,2,0,1,0,0,0,0,0,0,0,0
1932,16010,1,249,12,1,12,0,0,0,0,0,0,1,0,0,0,0,1
458,4117,1,56,16,1,16,0,0,1,0,0,0,0,0,0,0,0,0
2598,21544,1,318,10,2,14,0,0,1,0,0,1,1,0,0,0,0,2
1919,15894,0,273,6,12,60,2,0,4,1,2,0,0,0,0,1,0,1
3085,25502,0,442,26,12,88,1,1,3,3,1,0,1,0,0,1,0,2
1175,9835,1,64,2,2,6,0,0,0,0,0,0,0,0,0,0,0,0
1319,10963,1,295,10,1,10,0,0,0,0,0,0,0,0,0,0,0,0
697,6110,1,374,2,10,26,2,1,0,0,0,0,0,0,0,0,1,0
2772,22942,1,168,12,1,12,0,0,0,0,0,0,0,0,0,0,0,0
2361,19362,1,67,12,2,18,0,0,0,0,1,0,0,0,0,0,0,0
3025,25018,0,34,12,1,12,0,0,0,0,0,0,0,0,0,0,0,0
2940,24309,0,267,8,1,8,0,0,0,0,0,0,0,0,0,0,0,0
2410,19786,1,83,16,1,16,0,1,0,0,0,0,0,1,0,0,0,1
3000,24836,0,169,6,7,44,2,1,2,0,0,0,0,0,0,0,0,0
2661,22068,1,89,22,1,22,0,0,0,1,0,0,0,0,0,0,0,0
1317,10957,1,263,12,2,20,0,0,1,0,0,0,0,0,0,0,0,0
271,2376,0,419,14,12,50,2,0,4,1,2,1,2,2,1,1,0,7
206,1788,1,130,12,1,12,0,0,0,0,0,0,0,0,0,0,1,0
1563,12956,1,323,12,7,26,2,1,1,0,0,0,1,0,0,0,1,1
1894,15693,1,64,14,2,16,0,0,0,1,1,0,0,0,0,0,1,0
2208,18215,1,358,6,7,40,2,1,1,0,0,1,3,0,1,0,0,5
2726,22585,1,237,2,1,2,0,0,0,0,0,0,3,0,0,0,0,3
1967,16308,1,341,26,8,72,2,1,0,2,0,0,2,0,0,0,0,2
1750,14411,0,257,14,2,22,1,0,1,0,0,0,0,0,0,0,0,0
2745,22732,1,328,34,7,56,1,0,2,1,0,3,0,0,0,0,0,3
2788,23081,1,342,8,6,30,1,1,3,0,0,0,1,0,0,0,0,1
960,7933,1,248,28,1,28,1,0,0,0,0,0,0,0,0,0,0,0
66,553,1,126,16,8,48,2,1,1,2,0,0,2,1,0,0,0,3
3591,29809,1,278,14,2,18,1,0,1,0,0,0,1,1,0,0,0,2
3380,27941,1,233,8,1,8,0,0,0,0,0,0,0,0,0,0,0,0
2192,18103,0,263,14,3,24,1,0,1,1,0,0,0,0,0,0,0,0
3098,25590,1,114,28,1,28,0,0,1,0,0,3,0,0,0,0,0,3
2184,18039,1,71,34,2,40,1,0,0,1,0,0,0,0,0,0,0,0
2936,24261,1,278,10,2,18,0,0,0,1,0,2,2,0,0,0,0,4
1762,14524,1,246,8,2,14,0,0,1,0,0,1,1,0,0,0,0,2
493,4490,1,372,20,8,66,2,0,3,1,1,0,1,1,1,0,0,3
1261,10577,1,167,8,2,14,1,0,0,0,0,0,0,0,0,0,1,0
866,7230,1,161,4,1,4,0,0,0,0,0,0,0,0,0,0,0,0
45,353,0,317,10,3,28,0,0,0,0,0,1,1,0,0,0,0,2
3763,31209,1,233,22,3,32,1,1,0,1,0,1,0,0,0,0,0,1
257,2245,1,318,8,2,10,0,0,0,0,0,0,0,0,0,0,0,0
2500,20594,1,34,14,1,14,1,0,0,0,0,2,0,0,0,0,0,2
810,6850,1,96,28,4,44,2,0,0,0,0,1,1,0,0,0,0,2
1826,15052,1,458,14,11,54,2,0,3,2,0,1,2,0,0,0,0,3
3135,25898,1,30,4,1,4,0,0,0,0,0,0,0,0,0,0,0,0
702,6134,1,206,14,4,28,0,0,2,0,1,1,0,0,0,0,1,1
3451,28600,0,203,4,4,22,1,0,0,1,0,0,0,0,0,0,0,0
3024,25010,1,57,4,1,4,0,0,0,0,0,0,0,0,0,0,0,0
838,7012,1,100,16,2,20,2,0,0,0,0,0,0,0,0,0,0,0
238,2081,0,109,14,2,20,0,0,1,0,1,0,0,0,0,0,0,0
3581,29727,1,157,2,6,18,1,0,2,0,0,0,0,0,0,0,0,0
1889,15625,1,36,6,2,12,0,0,0,0,0,1,0,0,0,0,0,1
1496,12427,1,43,16,2,22,1,0,0,0,1,0,0,0,0,0,0,0
1124,9477,0,258,2,4,16,1,1,0,0,0,0,0,0,0,0,0,0
2977,24641,0,61,14,2,20,1,1,0,0,0,0,1,0,0,0,0,1
2001,16586,0,291,6,1,6,0,0,0,0,0,0,1,0,0,0,0,1
301,2673,1,110,10,6,28,0,2,1,0,1,0,0,0,0,0,0,0
311,2761,1,199,4,10,34,3,0,2,1,2,1,0,0,0,0,0,1
3011,24896,1,219,6,2,8,0,0,0,0,0,0,0,0,0,0,0,0
3967,32684,0,357,8,9,26,3,0,1,0,1,2,1,0,0,0,0,3
2838,23513,0,172,10,1,10,0,0,0,0,0,1,0,0,0,0,0,1
2907,23981,1,144,30,6,60,2,0,4,0,0,0,0,0,0,0,0,0
711,6196,1,49,12,3,26,0,1,1,0,0,0,0,0,0,0,0,0
2384,19523,0,223,12,2,18,0,0,1,0,0,0,0,0,0,0,0,0
145,1185,1,283,14,9,46,1,2,3,0,2,0,1,2,1,0,0,4
2065,17093,0,119,10,7,34,1,1,2,0,1,2,0,0,0,0,0,2
3298,27213,1,128,12,1,12,0,0,0,0,0,1,0,0,0,0,1,1
844,7064,1,61,14,1,14,0,0,0,1,0,0,0,0,0,0,0,0
517,4725,0,189,16,2,24,0,0,1,1,0,0,0,0,0,0,0,0
721,6256,0,49,16,3,22,1,0,0,1,0,1,0,0,0,0,0,1
2481,20418,1,397,22,10,72,5,1,2,0,0,0,0,1,0,0,0,1
2036,16844,1,181,8,10,62,1,1,3,0,0,1,0,0,0,0,0,1
2773,22962,1,28,4,1,4,0,0,0,0,0,0,0,0,0,0,0,0
322,2851,0,155,30,6,44,1,0,3,0,0,0,2,0,0,0,1,2
146,1195,1,294,14,2,22,0,1,0,0,1,0,0,0,0,0,0,0
176,1486,1,229,8,2,12,0,0,0,0,0,0,0,0,0,0,0,0
2259,18596,0,143,16,1,16,1,0,0,0,0,0,0,0,0,0,0,0
2630,21846,0,185,14,2,22,1,1,0,0,0,1,2,0,0,0,0,3
448,4014,1,284,10,1,10,0,0,0,0,0,0,0,0,0,0,0,0
477,4345,1,263,14,7,42,1,1,2,0,1,0,1,1,1,0,0,3
253,2213,0,212,16,5,38,1,0,1,2,0,0,1,1,0,0,1,2
1881,15535,0,301,14,11,46,3,0,2,3,2,0,0,0,0,0,0,0
2441,20053,1,148,10,1,10,0,0,0,0,0,1,0,0,0,0,0,1
2168,17918,0,191,14,2,16,1,1,0,0,0,0,0,1,0,0,0,1
3359,27750,0,199,18,1,18,0,0,0,0,1,0,0,0,0,0,0,0
3316,27316,1,258,14,1,14,0,0,1,0,0,0,2,0,0,0,0,2
435,3882,1,223,4,7,22,1,0,2,1,0,1,1,1,0,0,0,3
50,401,1,355,16,5,28,1,0,2,0,1,1,0,0,0,0,0,1
2351,19281,1,232,8,7,48,2,1,1,0,0,0,0,0,0,0,0,0
1349,11234,0,337,10,10,66,3,1,2,0,0,1,2,0,0,0,0,3
379,3338,1,189,14,1,14,1,0,0,0,0,0,0,0,0,0,0,0
1986,16461,0,96,8,2,12,0,0,0,0,0,0,0,0,0,0,0,0
200,1741,1,280,14,2,22,0,0,1,0,0,0,0,0,0,0,0,0
3640,30225,1,91,6,1,6,0,0,0,0,0,1,0,0,0,0,0,1
3811,31464,1,367,24,5,42,1,1,1,0,0,0,3,0,0,0,0,3
443,3984,1,356,12,4,26,0,1,2,0,0,0,0,0,0,0,0,0
1471,12205,0,215,10,1,10,0,0,0,0,0,0,0,0,0,0,0,0
328,2901,0,48,10,1,10,0,0,0,0,0,0,0,0,0,0,1,0
1483,12338,1,280,14,2,22,1,0,1,0,0,0,0,0,0,0,0,0
443,3984,1,356,12,4,26,0,1,2,0,0,0,0,0,0,0,0,0
3334,27491,0,235,4,2,10,0,0,0,0,0,0,1,0,0,0,1,1
1758,14491,0,416,10,10,34,3,1,3,1,0,0,2,0,0,0,0,2
3730,31021,1,115,8,1,8,0,0,0,0,0,0,1,0,0,0,0,1
2006,16629,1,20,12,1,12,0,0,0,0,0,0,0,1,0,0,1,1
934,7740,1,259,4,2,8,0,0,0,0,0,0,0,0,0,0,0,0
1843,15184,1,262,10,2,12,0,0,0,0,0,0,0,0,0,0,0,0
179,1505,1,43,10,2,16,1,0,0,0,0,0,0,0,0,0,0,0
74,592,1,201,8,1,8,0,0,0,0,0,0,0,0,0,0,0,0
2580,21336,0,44,12,1,12,0,0,0,0,0,0,0,1,0,0,0,1
1137,9590,1,189,12,2,18,1,0,0,0,0,0,0,0,0,0,0,0
1199,10037,1,200,4,2,10,0,0,0,0,0,0,0,0,0,0,0,0
3561,29591,0,188,12,2,18,0,0,1,0,0,0,0,0,0,0,0,0
543,4939,1,228,8,1,8,0,0,0,0,0,0,0,0,0,0,0,0
3348,27621,0,285,4,7,18,1,0,0,1,1,0,0,0,0,0,0,0
1207,10093,1,461,10,11,66,3,0,2,2,0,1,1,0,0,0,0,2
1478,12272,1,298,8,1,8,0,0,0,0,0,0,0,0,0,0,0,0
3011,24896,1,219,6,2,8,0,0,0,0,0,0,0,0,0,0,0,0
1063,8901,1,246,8,7,36,0,2,0,1,1,0,1,0,1,0,0,2
271,2376,0,419,14,12,50,2,0,4,1,2,1,2,2,1,1,0,7
2880,23756,0,28,30,1,30,0,0,0,0,1,0,0,0,0,0,0,0
2648,21974,1,276,16,2,18,1,0,0,1,0,0,1,0,0,0,0,1
2982,24658,0,157,14,2,22,0,0,2,0,0,0,0,2,0,0,0,2
2634,21858,0,327,8,2,14,0,0,0,1,0,0,1,1,0,0,0,2
238,2081,0,109,14,2,20,0,0,1,0,1,0,0,0,0,0,0,0
2737,22668,1,126,14,6,30,1,1,1,0,1,0,0,0,0,1,0,1
3516,29166,1,428,10,9,48,2,1,2,2,1,0,0,0,0,0,0,0
2963,24512,1,285,10,1,10,0,0,0,0,0,0,0,0,0,0,0,0
176,1486,1,229,8,2,12,0,0,0,0,0,0,0,0,0,0,0,0
1814,14965,1,324,32,7,58,1,0,2,1,0,0,0,2,0,0,0,2
3062,25350,1,93,20,1,20,0,1,0,0,0,0,0,0,0,0,0,0
2653,22000,1,148,2,1,2,0,0,0,0,0,0,0,0,0,0,0,0
983,8090,0,180,8,2,12,0,0,0,0,0,0,0,0,0,0,0,0
2051,16955,0,278,12,1,12,0,0,0,0,0,0,0,0,0,0,0,0
1099,9219,1,67,4,4,14,0,0,1,0,0,0,0,0,0,0,0,0
1321,10978,1,294,10,3,22,0,0,1,1,0,0,0,0,0,0,0,0
3915,32253,0,235,2,11,26,0,0,2,1,0,0,0,0,0,0,0,0
975,8016,0,196,18,2,22,0,0,1,0,0,1,0,0,0,1,0,2
3361,27764,0,97,16,2,22,0,0,2,0,0,0,0,0,0,0,0,0
1332,11065,1,432,16,9,38,0,2,5,1,0,0,1,0,0,0,0,1
1660,13745,1,42,12,2,16,0,0,1,0,0,0,0,1,0,0,0,1
1312,10936,1,178,8,2,12,0,0,0,0,0,0,0,0,0,0,0,0
203,1766,0,164,12,3,24,0,1,1,0,0,0,0,0,0,0,0,0
1,25,1,297,14,2,22,0,1,1,0,0,0,0,0,0,0,0,0
3004,24868,1,166,6,3,20,0,0,0,0,0,1,0,0,0,0,0,1
3467,28771,1,189,34,1,34,0,1,0,0,0,0,0,0,0,0,0,0
908,7577,1,85,14,1,14,0,0,0,0,0,1,0,0,0,0,0,1
3994,32943,0,137,6,1,6,0,0,0,0,0,0,0,0,0,0,0,0
1732,14276,1,308,36,6,50,1,1,1,1,1,0,0,0,0,0,0,0
3149,25979,1,130,30,1,30,0,0,0,0,0,0,1,0,0,0,0,1
3727,30983,1,280,12,11,60,2,0,3,1,0,0,1,0,2,0,0,3
1764,14547,0,358,10,10,36,2,2,2,0,2,0,3,0,0,0,0,3
949,7824,0,138,34,2,36,1,0,0,0,1,0,0,0,0,0,0,0
3585,29777,0,32,36,2,38,0,0,1,0,0,0,0,0,0,0,0,0
2998,24822,0,37,12,1,12,0,0,0,0,0,3,0,0,0,0,0,3
49,397,1,254,8,2,12,0,0,0,0,0,0,0,0,0,0,0,0
1578,13094,0,293,22,2,28,2,0,0,0,0,0,0,0,0,0,0,0
2137,17661,1,91,8,2,16,0,0,0,1,0,0,0,0,0,0,0,0
3293,27158,1,162,2,8,36,1,1,2,0,0,0,1,0,0,0,0,1
1907,15787,0,309,18,2,20,1,0,0,1,0,0,0,0,0,0,0,0
236,2074,1,146,10,1,10,0,0,0,0,0,0,0,0,0,0,0,0
939,7761,1,368,6,9,42,1,2,1,0,1,0,1,0,0,0,1,1
1884,15562,0,189,14,4,34,0,1,1,0,0,1,1,0,0,0,1,2
1356,11314,1,298,10,1,10,0,0,0,0,0,0,0,0,0,0,0,0
3916,32258,1,132,22,1,22,1,0,0,0,0,0,2,0,0,0,0,2
165,1364,1,477,20,12,68,2,1,5,0,0,1,3,1,0,0,0,5
2094,17309,1,280,26,3,42,0,0,0,0,0,0,0,0,0,0,0,0
145,1185,1,283,14,9,46,1,2,3,0,2,0,1,2,1,0,0,4
3056,25321,1,123,8,5,22,0,0,0,2,0,0,0,0,0,0,0,0
711,6196,1,49,12,3,26,0,1,1,0,0,0,0,0,0,0,0,0
1947,16094,1,316,16,4,28,0,0,2,0,0,0,1,0,0,0,1,1
1743,14352,1,277,12,6,44,2,0,1,1,0,0,0,0,0,0,0,0
2287,18749,0,235,28,1,28,1,0,0,0,0,0,1,0,0,0,0,1
1276,10700,0,116,14,2,20,1,0,1,0,0,0,0,1,0,0,0,1
2015,16691,1,132,16,1,16,0,0,0,1,0,0,0,0,0,0,1,0
2118,17489,1,212,10,6,22,1,0,0,0,2,0,1,0,0,0,0,1
482,4381,0,184,20,6,44,1,2,0,3,0,0,0,0,0,0,0,0
3273,26982,1,260,26,2,32,0,0,1,0,0,0,0,0,0,0,0,0
683,6025,0,17,4,1,4,0,0,0,0,0,0,0,0,0,0,1,0
2737,22668,1,126,14,6,30,1,1,1,0,1,0,0,0,0,1,0,1
2031,16805,1,216,16,6,48,2,0,1,1,0,0,0,0,0,0,1,0
461,4137,0,153,36,2,42,0,1,1,0,0,0,0,0,0,0,0,0
2600,21576,1,282,16,10,66,2,1,3,2,0,0,0,0,1,0,0,1
3509,29131,1,262,14,2,20,1,0,1,0,0,0,0,0,0,0,0,0
215,1838,1,448,12,12,48,4,5,1,0,0,1,0,1,0,1,0,3
50,401,1,355,16,5,28,1,0,2,0,1,1,0,0,0,0,0,1
3131,25857,1,431,14,11,70,1,3,4,1,0,0,3,0,0,0,0,3
3190,26266,0,242,10,11,62,0,0,3,1,3,1,0,0,0,0,0,1
1764,14547,0,358,10,10,36,2,2,2,0,2,0,3,0,0,0,0,3
2764,22861,0,50,34,1,34,0,0,0,0,1,1,0,0,0,0,0,1
894,7455,1,233,16,2,18,0,0,0,1,0,0,1,0,0,0,0,1
1299,10848,1,173,10,1,10,0,0,0,0,0,0,0,0,0,0,0,0
2887,23836,1,64,14,1,14,0,0,1,0,0,0,0,0,0,0,0,0
1417,11811,0,281,16,11,40,0,1,2,3,2,2,1,0,0,0,0,3
674,5924,1,191,22,2,24,0,0,1,1,0,0,0,0,0,0,0,0
2631,21848,1,253,12,2,16,1,0,0,0,0,0,0,0,0,0,0,0
2467,20277,1,177,14,11,36,1,0,3,0,1,0,0,0,0,0,0,0
732,6309,1,69,8,3,20,0,0,0,0,0,0,2,0,0,0,0,2
1004,8291,1,217,16,11,82,3,0,3,3,1,1,0,0,0,0,0,1
309,2731,1,267,12,6,38,1,2,1,0,1,0,0,1,1,0,0,2
1329,11055,1,329,2,2,6,0,0,0,0,0,0,0,0,0,0,0,0
3030,25087,0,271,14,2,22,0,1,0,1,0,0,0,0,0,1,0,1
824,6922,1,143,4,1,4,0,0,0,0,0,0,0,0,0,0,0,0
3830,31587,1,29,10,1,10,0,0,0,0,0,0,0,0,0,0,0,0
2950,24389,0,160,6,6,22,1,0,0,0,1,0,1,0,0,0,0,1
2939,24304,0,249,32,2,40,0,0,1,0,1,0,1,0,0,0,0,1
735,6325,1,323,12,2,18,0,0,1,0,0,0,0,0,0,0,0,0
835,6990,1,49,2,1,2,0,0,0,0,0,0,0,0,0,0,0,0
3512,29144,0,341,24,4,36,0,1,1,1,1,0,0,0,0,0,0,0
1883,15544,1,152,2,1,2,0,0,0,0,0,0,1,0,0,0,1,1
1817,14981,1,75,16,1,16,1,0,0,0,0,0,0,0,0,0,0,0
3089,25522,1,234,30,1,30,1,0,0,0,0,1,0,1,0,0,0,2
3208,26460,1,232,30,1,30,1,0,0,0,0,0,0,0,0,0,0,0
1673,13829,1,218,6,1,6,0,0,0,0,0,0,0,0,0,0,0,0
3360,27751,1,309,6,1,6,0,0,0,0,0,0,0,1,0,0,0,1
3823,31546,1,187,34,2,42,0,0,1,1,0,0,1,0,0,0,0,1
1660,13745,1,42,12,2,16,0,0,1,0,0,0,0,1,0,0,0,1
1490,12384,0,252,14,2,16,1,0,1,0,0,0,0,0,0,0,0,0
2198,18132,1,265,14,1,14,0,0,0,0,0,1,0,0,0,0,0,1
1787,14734,1,250,4,3,12,0,0,0,0,0,0,0,0,0,0,0,0
1509,12559,1,356,12,9,62,1,1,2,1,0,1,0,0,0,0,0,1
761,6553,0,282,10,12,66,1,1,2,1,1,2,3,0,0,0,1,5
330,2907,1,75,4,2,10,0,0,0,0,0,0,0,0,0,0,0,0
2318,19016,0,161,14,1,14,0,1,0,0,0,1,0,0,0,0,0,1
3502,29071,0,247,6,1,6,0,0,0,0,0,0,0,0,0,0,0,0
3998,32955,0,48,12,1,12,0,0,0,0,0,0,0,0,0,0,0,0
2976,24634,1,108,16,2,22,1,1,0,0,0,0,0,0,0,0,0,0
1261,10577,1,167,8,2,14,1,0,0,0,0,0,0,0,0,0,1,0
732,6309,1,69,8,3,20,0,0,0,0,0,0,2,0,0,0,0,2
1934,16025,1,102,16,2,24,0,0,1,0,0,0,0,0,0,0,0,0
461,4137,0,153,36,2,42,0,1,1,0,0,0,0,0,0,0,0,0
1150,9687,1,304,16,1,16,0,0,0,1,0,0,0,0,0,0,0,0
1947,16094,1,316,16,4,28,0,0,2,0,0,0,1,0,0,0,1,1
2426,19965,1,73,34,1,34,0,0,0,0,0,2,0,0,0,0,0,2
428,3779,1,193,12,1,12,0,0,0,0,0,0,0,0,0,0,0,0
2970,24581,1,363,16,10,40,2,0,2,3,0,1,2,0,0,0,1,3
3298,27213,1,128,12,1,12,0,0,0,0,0,1,0,0,0,0,1,1
1633,13551,1,167,14,11,48,2,1,5,1,1,1,0,0,0,0,0,1
3148,25972,1,139,28,2,30,1,1,0,0,0,0,0,0,0,0,0,0
2299,18890,1,310,16,1,16,0,0,0,1,0,1,0,0,0,0,0,1
1332,11065,1,432,16,9,38,0,2,5,1,0,0,1,0,0,0,0,1
1884,15562,0,189,14,4,34,0,1,1,0,0,1,1,0,0,0,1,2
2830,23424,0,341,8,6,40,2,0,1,0,1,0,0,0,0,0,0,0
360,3102,0,24,8,1,8,0,0,0,0,0,0,0,0,0,0,0,0
1357,11315,0,316,26,8,72,1,1,1,1,1,2,1,0,0,0,1,3
1846,15200,1,274,12,12,76,2,2,3,0,2,0,0,2,0,0,0,2
600,5431,1,151,16,2,24,1,0,1,0,0,0,0,1,0,0,0,1
2279,18681,1,31,10,1,10,0,0,0,0,0,0,0,0,0,0,0,0
645,5778,1,117,34,1,34,0,0,1,0,0,0,0,0,0,0,0,0
1381,11548,0,201,22,2,28,2,0,0,0,0,0,0,0,0,0,0,0
2560,21147,0,58,36,1,36,0,0,0,0,1,0,0,0,0,0,1,0
1849,15218,1,190,34,7,48,2,0,5,0,0,0,1,0,0,0,0,1
1905,15754,1,76,8,2,10,0,0,0,0,0,0,0,0,0,0,0,0
894,7455,1,233,16,2,18,0,0,0,1,0,0,1,0,0,0,0,1
3370,27853,1,88,14,1,14,0,0,1,0,0,0,0,1,0,0,0,1
711,6196,1,49,12,3,26,0,1,1,0,0,0,0,0,0,0,0,0
949,7824,0,138,34,2,36,1,0,0,0,1,0,0,0,0,0,0,0
2375,19458,1,284,14,1,14,0,0,1,0,0,0,0,2,0,0,0,2
163,1353,1,224,4,1,4,0,0,0,0,0,0,0,0,0,0,0,0
2126,17559,1,49,4,1,4,0,0,0,0,0,1,0,1,0,0,0,2
3536,29379,1,416,6,8,24,4,0,0,0,3,1,1,0,0,1,0,3
3626,30083,1,262,8,11,30,4,1,2,0,0,1,0,0,1,0,0,2
2821,23350,1,312,16,2,22,0,0,2,0,0,0,0,0,0,0,0,0
3097,25580,1,205,6,7,46,0,1,2,0,0,3,1,0,0,0,0,4
1733,14287,1,257,8,8,26,0,1,0,2,0,0,0,0,0,0,0,0
2726,22585,1,237,2,1,2,0,0,0,0,0,0,3,0,0,0,0,3
1047,8658,0,384,34,7,50,3,2,1,0,0,0,1,0,0,0,0,1
2233,18405,1,194,12,1,12,0,0,0,0,0,0,0,0,0,0,0,0
1095,9182,0,296,4,4,16,1,0,0,0,0,0,0,0,0,0,0,0
1794,14816,1,49,6,2,12,0,0,0,0,0,0,0,0,0,0,0,0
1567,12984,0,178,28,10,84,2,0,3,1,0,0,1,0,0,0,1,1
3580,29717,1,166,10,4,32,0,1,1,1,0,0,0,0,0,0,0,0
819,6910,0,206,32,2,36,0,0,1,0,0,1,0,0,0,0,0,1
1921,15899,1,232,12,3,24,0,2,0,0,0,0,0,0,0,0,0,0
3369,27832,0,26,4,1,4,0,0,0,0,0,1,0,0,0,0,0,1
194,1671,0,250,12,12,36,1,1,3,2,1,3,0,1,1,1,1,6
183,1526,0,158,6,9,56,1,1,1,1,1,0,3,0,0,0,1,3
3556,29545,1,133,20,6,36,2,0,1,1,1,0,0,0,0,0,0,0
1006,8303,1,42,14,1,14,0,0,1,0,0,0,0,0,0,0,0,0
1190,9967,1,213,16,7,54,2,0,3,0,0,1,1,0,0,0,0,2
2923,24112,1,176,32,6,68,0,0,2,2,0,0,0,0,1,0,0,1
2435,20032,1,151,34,2,40,1,0,0,0,0,0,0,0,0,0,0,0
1060,8818,0,326,2,4,18,0,1,0,0,0,0,0,0,0,0,0,0
830,6966,1,334,4,11,38,1,0,0,0,0,0,2,0,0,0,0,2
933,7739,0,173,6,3,22,0,0,0,1,0,0,1,0,0,0,0,1
1273,10695,1,346,2,10,52,2,1,2,0,0,2,2,0,0,0,0,4
1442,11994,0,293,12,2,14,1,0,0,0,0,0,0,0,0,0,0,0
3849,31760,1,102,8,4,28,0,0,1,0,0,2,0,2,0,0,0,4
1534,12717,0,218,14,1,14,0,0,0,0,0,2,0,2,0,0,0,4
3482,28909,1,178,20,8,56,1,2,0,2,0,0,0,0,0,0,0,0
2143,17726,0,319,10,2,12,0,0,0,0,0,0,1,0,0,0,0,1
1681,13888,1,223,32,2,36,1,0,0,0,0,0,1,0,0,0,0,1
1869,15416,1,219,10,2,14,0,0,1,0,0,0,0,0,0,0,0,0
2554,21060,0,123,12,8,54,1,0,2,0,2,0,0,0,0,0,0,0
1889,15625,1,36,6,2,12,0,0,0,0,0,1,0,0,0,0,0,1
2638,21902,1,190,24,3,40,0,0,2,0,1,0,1,0,0,0,0,1
3350,27632,1,110,12,2,14,0,0,1,0,0,1,0,0,0,0,0,1
1644,13611,0,264,10,6,36,0,0,0,0,2,0,0,0,0,1,0,1
1636,13570,1,106,6,1,6,0,0,0,0,0,1,0,0,0,0,0,1
2113,17436,0,189,20,1,20,0,0,0,0,0,0,1,0,0,0,1,1
1568,12992,1,238,10,1,10,0,0,0,0,0,0,2,1,0,0,1,3
3556,29545,1,133,20,6,36,2,0,1,1,1,0,0,0,0,0,0,0
68,560,1,299,12,3,26,0,0,0,0,0,0,2,0,0,0,0,2
1756,14459,1,206,8,1,8,0,0,0,0,0,1,2,0,0,0,0,3
1507,12547,0,67,8,1,8,0,0,0,0,0,0,0,0,0,0,0,0
750,6459,0,365,10,12,44,2,2,4,0,1,1,1,0,0,0,1,2
3462,28744,1,128,16,2,22,2,0,0,0,0,0,0,1,0,0,0,1
3377,27886,1,267,16,9,64,1,1,2,2,1,1,1,0,0,0,0,2
683,6025,0,17,4,1,4,0,0,0,0,0,0,0,0,0,0,1,0
3394,28067,1,155,4,4,24,0,0,1,0,0,0,0,0,0,0,0,0
253,2213,0,212,16,5,38,1,0,1,2,0,0,1,1,0,0,1,2
1410,11734,1,326,4,2,6,0,0,0,0,0,0,0,0,0,0,0,0
2452,20110,1,184,12,2,18,1,0,0,0,0,0,0,0,0,0,0,0
1682,13895,0,131,10,6,38,0,0,0,1,1,0,0,0,0,0,0,0
3189,26260,1,74,18,1,18,1,0,0,0,0,2,0,0,0,0,1,2
429,3817,1,377,6,12,34,3,1,0,0,0,2,2,0,0,0,1,4
2820,23336,0,157,14,2,18,1,1,0,0,0,0,0,1,0,0,0,1
164,1357,0,222,16,2,20,0,1,1,0,0,0,0,1,0,0,0,1
1530,12687,0,362,12,9,36,1,0,2,1,0,0,1,0,0,1,0,2
2260,18600,0,176,12,1,12,0,0,0,0,0,0,1,0,0,0,0,1
2611,21670,0,113,20,2,24,0,0,2,0,0,1,0,0,0,0,0,1
3380,27941,1,233,8,1,8,0,0,0,0,0,0,0,0,0,0,0,0
3149,25979,1,130,30,1,30,0,0,0,0,0,0,1,0,0,0,0,1
1203,10056,0,312,14,2,20,1,0,0,0,0,0,0,0,0,0,1,0
1008,8339,0,301,4,2,6,0,0,0,0,0,0,0,0,0,0,0,0
1228,10278,1,184,4,1,4,0,0,0,0,0,0,0,0,0,0,0,0
1349,11234,0,337,10,10,66,3,1,2,0,0,1,2,0,0,0,0,3
1178,9850,1,226,12,10,44,1,1,3,1,0,1,2,1,0,1,0,5
1717,14193,1,95,6,1,6,0,0,0,0,0,1,0,0,0,0,0,1
3595,29825,1,187,34,2,38,0,0,0,1,0,0,1,0,0,0,0,1
810,6850,1,96,28,4,44,2,0,0,0,0,1,1,0,0,0,0,2
3970,32708,1,36,10,1,10,0,0,0,0,0,2,0,0,0,0,0,2
1431,11896,1,429,14,11,74,2,1,3,2,1,1,1,0,0,0,0,2
2147,17739,0,153,2,2,6,0,0,0,0,0,0,0,0,0,0,0,0
68,560,1,299,12,3,26,0,0,0,0,0,0,2,0,0,0,0,2
3307,27274,0,240,4,2,6,0,0,0,0,0,1,0,0,0,0,0,1
973,8005,1,231,12,2,14,0,0,1,0,0,0,0,0,0,0,0,0
3737,31060,1,53,6,2,10,0,0,0,0,0,0,0,0,0,0,1,0
1130,9536,0,63,20,1,20,0,0,0,1,0,0,0,0,0,0,0,0
2001,16586,0,291,6,1,6,0,0,0,0,0,0,1,0,0,0,0,1
1503,12503,1,230,20,2,24,0,0,0,0,0,0,1,1,0,0,0,2
792,6727,1,242,14,2,20,0,0,1,0,0,0,0,0,0,0,0,0
1221,10226,1,424,12,12,68,4,0,2,0,2,0,3,1,1,0,0,5
300,2668,1,201,32,1,32,1,0,0,0,0,0,0,0,0,0,0,0
2036,16844,1,181,8,10,62,1,1,3,0,0,1,0,0,0,0,0,1
1792,14810,1,274,8,9,32,2,0,3,0,1,0,0,0,0,0,0,0
3096,25579,0,216,12,1,12,0,0,0,0,0,0,1,0,0,0,1,1
66,553,1,126,16,8,48,2,1,1,2,0,0,2,1,0,0,0,3
2895,23882,0,309,10,12,80,3,1,3,1,1,0,0,0,0,0,0,0
3270,26944,1,256,14,2,20,0,0,0,0,0,0,0,0,0,0,0,0
1251,10457,1,255,4,1,4,0,0,0,0,0,0,0,0,0,0,0,0
827,6947,1,87,22,2,30,1,0,0,0,1,0,0,0,0,0,0,0
559,5076,1,281,36,11,92,3,0,2,1,1,1,3,0,0,0,0,4
2441,20053,1,148,10,1,10,0,0,0,0,0,1,0,0,0,0,0,1
2393,19601,1,381,8,8,26,2,0,1,1,1,0,1,0,0,0,0,1
1120,9423,1,193,8,6,20,0,1,2,1,0,0,0,0,0,0,0,0
2094,17309,1,280,26,3,42,0,0,0,0,0,0,0,0,0,0,0,0
713,6208,1,384,14,11,70,1,3,0,1,1,4,1,0,0,0,1,5
50,401,1,355,16,5,28,1,0,2,0,1,1,0,0,0,0,0,1
3404,28168,0,201,8,2,16,0,0,0,0,0,0,0,0,0,0,0,0
2292,18860,0,335,4,11,54,4,1,3,0,0,0,0,0,0,1,1,1
151,1248,1,246,18,1,18,0,0,0,1,0,0,0,0,0,0,0,0
1598,13244,0,254,18,1,18,0,0,0,0,0,0,0,0,0,0,0,0
1361,11370,1,293,8,2,12,0,0,0,0,0,0,0,0,0,0,0,0
3612,29971,1,271,12,2,18,0,0,0,0,0,5,0,0,0,0,1,5
3813,31486,1,73,6,1,6,0,0,0,0,0,0,0,0,0,0,0,0
3266,26905,1,270,4,11,68,1,0,2,1,0,0,0,0,0,0,0,0
559,5076,1,281,36,11,92,3,0,2,1,1,1,3,0,0,0,0,4
2800,23210,0,263,10,2,14,0,1,0,0,0,0,0,1,0,0,0,1
3141,25930,1,223,2,5,12,0,0,0,0,0,1,0,0,0,0,0,1
172,1442,1,149,8,1,8,0,0,0,0,0,0,0,0,0,0,0,0
3962,32661,0,88,4,2,8,0,0,0,0,0,1,0,0,0,0,0,1
3875,31959,1,407,10,12,80,2,0,4,2,0,0,1,0,0,0,0,1
3746,31124,0,291,6,2,14,0,0,1,0,0,1,0,0,0,0,0,1
3203,26378,1,444,8,11,36,3,0,1,2,0,0,1,0,0,0,0,1
2573,21253,1,198,8,11,62,4,1,3,0,0,0,0,0,0,0,0,0
3411,28209,1,350,12,9,46,1,3,1,1,0,0,0,0,1,0,0,1
3809,31455,0,92,16,4,30,0,0,2,1,1,0,0,0,0,0,0,0
2065,17093,0,119,10,7,34,1,1,2,0,1,2,0,0,0,0,0,2
3721,30945,1,452,10,12,60,3,1,2,1,0,0,1,0,0,0,0,1
1616,13369,1,285,16,5,40,1,2,0,0,1,0,0,0,1,0,1,1
2452,20110,1,184,12,2,18,1,0,0,0,0,0,0,0,0,0,0,0
3167,26096,1,144,4,1,4,0,0,0,0,0,0,1,0,0,0,0,1
3547,29455,1,144,14,2,16,1,0,1,0,0,0,1,0,0,0,0,1
2590,21408,1,202,4,1,4,0,0,0,0,0,4,2,0,0,0,0,6
2612,21685,1,143,30,1,30,1,0,0,0,0,0,0,0,0,0,1,0
2367,19414,1,93,4,1,4,0,0,0,0,0,0,0,0,0,0,0,0
2590,21408,1,202,4,1,4,0,0,0,0,0,4,2,0,0,0,0,6
1762,14524,1,246,8,2,14,0,0,1,0,0,1,1,0,0,0,0,2
1063,8901,1,246,8,7,36,0,2,0,1,1,0,1,0,1,0,0,2
2681,22223,1,247,28,1,28,0,0,1,0,0,1,0,0,0,0,0,1
1683,13896,1,158,14,1,14,0,0,1,0,0,0,2,0,0,0,0,2
435,3882,1,223,4,7,22,1,0,2,1,0,1,1,1,0,0,0,3
3412,28213,0,288,16,11,64,1,2,3,3,0,1,0,0,0,0,0,1
3809,31455,0,92,16,4,30,0,0,2,1,1,0,0,0,0,0,0,0
1452,12036,0,71,4,2,10,0,0,0,0,0,0,0,0,0,0,0,0
2382,19515,1,32,12,2,20,1,0,0,0,0,0,0,0,0,0,0,0
3826,31551,1,167,24,10,76,3,0,4,1,1,0,0,0,0,0,0,0
2669,22118,0,189,20,1,20,0,0,0,0,1,0,0,0,0,0,0,0
192,1641,0,88,18,2,22,1,0,0,0,1,0,0,0,0,0,0,0
2045,16910,1,238,34,2,42,2,0,0,0,0,0,0,2,0,0,0,2
2560,21147,0,58,36,1,36,0,0,0,0,1,0,0,0,0,0,1,0
1756,14459,1,206,8,1,8,0,0,0,0,0,1,2,0,0,0,0,3
489,4436,1,109,10,2,16,0,0,1,0,0,0,0,0,0,0,0,0
3958,32633,0,78,18,2,26,0,1,1,0,0,0,0,0,0,0,0,0
1668,13780,1,108,8,2,14,0,1,0,0,0,1,0,0,0,0,0,1
3848,31755,1,133,16,2,20,0,0,0,1,0,0,0,0,0,0,0,0
2232,18401,1,153,4,1,4,0,0,0,0,0,1,0,0,0,0,0,1
2630,21846,0,185,14,2,22,1,1,0,0,0,1,2,0,0,0,0,3
2637,21884,1,389,16,7,38,3,0,2,0,1,0,2,0,0,0,0,2
3286,27106,1,106,12,2,14,1,0,0,0,0,0,0,0,0,0,0,0
2929,24184,1,62,4,2,12,0,0,0,0,0,0,0,0,0,0,0,0
2102,17353,1,256,14,10,44,0,1,2,1,3,0,1,0,0,0,0,1
785,6708,0,251,12,2,18,1,0,0,0,0,0,0,0,0,0,0,0
3178,26207,1,249,4,7,20,1,0,1,0,0,2,1,0,0,0,0,3
1339,11124,1,347,20,9,60,1,2,2,1,2,1,0,0,0,0,0,1
1177,9839,0,303,12,1,12,0,0,0,0,0,0,0,0,0,0,1,0
2664,22075,1,206,10,2,12,0,0,0,0,0,0,1,0,0,0,0,1
2375,19458,1,284,14,1,14,0,0,1,0,0,0,0,2,0,0,0,2
3307,27274,0,240,4,2,6,0,0,0,0,0,1,0,0,0,0,0,1
702,6134,1,206,14,4,28,0,0,2,0,1,1,0,0,0,0,1,1
3990,32919,1,136,14,1,14,0,0,0,0,0,0,0,0,0,0,0,0
2888,23837,0,111,4,4,14,0,0,1,0,0,1,0,1,0,0,0,2
1674,13842,0,37,10,1,10,0,0,0,0,0,4,0,0,0,0,0,4
1907,15787,0,309,18,2,20,1,0,0,1,0,0,0,0,0,0,0,0
562,5090,1,392,8,12,60,1,2,2,0,1,0,3,1,1,0,0,5
3798,31386,1,126,20,1,20,0,0,0,1,0,0,0,0,0,0,0,0
2930,24195,1,26,6,1,6,0,0,0,0,0,0,0,1,0,0,0,1
2826,23376,0,281,14,2,18,0,1,1,0,0,0,0,0,0,0,0,0
1947,16094,1,316,16,4,28,0,0,2,0,0,0,1,0,0,0,1,1
3193,26272,1,205,2,1,2,0,0,0,0,0,0,1,0,0,0,0,1
105,903,0,64,6,2,8,0,0,0,0,0,0,0,0,0,0,0,0
805,6818,1,260,6,7,38,1,0,4,1,0,0,0,0,0,0,0,0
3567,29625,1,266,10,1,10,0,0,0,0,0,0,0,0,0,0,0,0
23,193,1,63,4,1,4,0,0,0,0,0,0,0,0,0,0,0,0
2434,20028,1,112,22,2,28,0,0,0,0,0,0,0,0,0,0,0,0
3629,30108,1,157,2,3,16,1,0,0,0,0,0,0,0,0,0,0,0
1550,12843,1,269,24,1,24,1,0,0,0,0,0,2,0,0,0,0,2
894,7455,1,233,16,2,18,0,0,0,1,0,0,1,0,0,0,0,1
139,1151,1,244,32,1,32,0,0,1,0,0,0,0,0,0,0,0,0
477,4345,1,263,14,7,42,1,1,2,0,1,0,1,1,1,0,0,3
2279,18681,1,31,10,1,10,0,0,0,0,0,0,0,0,0,0,0,0
1654,13709,1,100,12,2,14,0,1,0,0,0,0,0,1,0,0,0,1
1779,14652,1,183,8,6,42,1,0,2,0,0,0,0,0,0,0,0,0
3563,29597,0,214,36,7,64,1,0,3,2,0,0,0,0,1,0,0,1
1857,15307,0,112,8,2,16,0,0,1,0,0,0,0,0,0,0,0,0
934,7740,1,259,4,2,8,0,0,0,0,0,0,0,0,0,0,0,0
2554,21060,0,123,12,8,54,1,0,2,0,2,0,0,0,0,0,0,0
3459,28723,1,215,34,1,34,0,0,0,0,0,0,0,0,0,0,1,0
620,5614,0,145,12,1,12,0,0,0,0,0,0,0,0,0,0,0,0
2661,22068,1,89,22,1,22,0,0,0,1,0,0,0,0,0,0,0,0
1129,9535,1,123,32,2,40,0,1,0,0,1,0,0,0,0,0,0,0
663,5897,1,194,30,1,30,1,0,0,0,0,0,0,0,0,0,0,0
2062,17075,0,272,30,2,36,0,0,1,0,0,0,0,0,0,0,0,0
1026,8485,1,351,8,4,20,1,0,1,0,0,0,1,0,0,0,0,1
894,7455,1,233,16,2,18,0,0,0,1,0,0,1,0,0,0,0,1
1058,8774,1,192,18,4,36,0,0,3,0,1,0,0,0,0,0,0,0
1460,12108,1,126,4,5,28,3,0,1,0,0,0,0,0,0,0,0,0
2015,16691,1,132,16,1,16,0,0,0,1,0,0,0,0,0,0,1,0
2764,22861,0,50,34,1,34,0,0,0,0,1,1,0,0,0,0,0,1
3174,26169,1,95,20,1,20,0,0,0,0,0,0,1,0,0,0,0,1
653,5838,1,74,10,1,10,0,0,0,0,0,0,0,0,0,0,0,0
959,7921,1,190,6,6,42,0,1,0,0,0,0,1,0,0,0,0,1
3136,25904,0,100,8,1,8,0,0,0,0,0,1,0,0,0,0,0,1
2288,18751,0,347,36,6,54,1,0,4,0,0,0,0,1,0,1,0,2
2895,23882,0,309,10,12,80,3,1,3,1,1,0,0,0,0,0,0,0
69,565,0,294,10,3,20,0,1,0,0,1,0,0,0,0,0,0,0
1004,8291,1,217,16,11,82,3,0,3,3,1,1,0,0,0,0,0,1
1578,13094,0,293,22,2,28,2,0,0,0,0,0,0,0,0,0,0,0
93,761,1,141,10,1,10,0,0,0,0,0,0,0,0,0,0,0,0
2410,19786,1,83,16,1,16,0,1,0,0,0,0,0,1,0,0,0,1
1067,8927,1,293,12,2,16,1,0,0,0,0,0,0,0,0,0,0,0
3712,30842,1,52,14,2,20,1,0,1,0,0,0,0,0,0,0,0,0
1337,11113,1,101,16,2,22,0,0,1,0,1,0,0,0,0,0,0,0
820,6911,1,59,16,1,16,0,0,0,1,0,0,0,0,0,0,1,0
3547,29455,1,144,14,2,16,1,0,1,0,0,0,1,0,0,0,0,1
3570,29637,1,231,26,6,42,1,0,1,1,0,1,1,0,0,1,0,3
3367,27822,1,278,8,1,8,0,0,0,0,0,0,1,0,0,0,0,1
2469,20297,1,238,16,6,48,3,1,1,0,0,0,0,0,0,0,0,0
2977,24641,0,61,14,2,20,1,1,0,0,0,0,1,0,0,0,0,1
2939,24304,0,249,32,2,40,0,0,1,0,1,0,1,0,0,0,0,1
2817,23315,1,32,22,2,24,0,0,1,0,0,1,0,0,0,0,0,1
3739,31063,1,292,12,1,12,0,0,0,0,0,0,0,0,0,0,1,0
3972,32723,0,299,16,1,16,0,0,0,0,1,3,0,0,0,0,0,3
908,7577,1,85,14,1,14,0,0,0,0,0,1,0,0,0,0,0,1
3059,25334,1,135,4,2,12,0,0,0,0,0,0,0,0,0,0,1,0
3589,29799,0,229,12,1,12,0,0,0,0,0,0,0,0,0,0,0,0
805,6818,1,260,6,7,38,1,0,4,1,0,0,0,0,0,0,0,0
1856,15296,1,216,14,1,14,0,0,0,0,1,0,0,0,0,0,1,0
3432,28404,1,173,18,1,18,0,0,0,0,1,0,0,1,0,0,0,1
1420,11817,1,219,8,1,8,0,0,0,0,0,0,0,0,0,0,0,0
2950,24389,0,160,6,6,22,1,0,0,0,1,0,1,0,0,0,0,1
1451,12026,0,102,16,1,16,0,0,1,0,0,0,0,0,0,0,0,0
1222,10228,1,257,14,3,22,2,1,0,0,0,0,0,0,0,0,0,0
2706,22416,0,302,4,3,12,0,0,0,0,0,0,0,0,0,0,0,0
123,1076,0,139,30,2,34,0,0,1,0,1,0,0,0,1,0,0,1
2968,24554,1,265,30,11,52,3,1,4,1,0,0,0,0,0,0,1,0
3120,25752,1,479,18,12,78,0,0,4,2,2,0,1,0,0,0,0,1
2930,24195,1,26,6,1,6,0,0,0,0,0,0,0,1,0,0,0,1
1101,9230,0,219,14,5,40,2,1,1,0,0,0,1,0,0,0,0,1
2288,18751,0,347,36,6,54,1,0,4,0,0,0,0,1,0,1,0,2
1341,11133,1,71,2,2,4,0,0,0,0,0,0,0,0,0,0,0,0
3585,29777,0,32,36,2,38,0,0,1,0,0,0,0,0,0,0,0,0
747,6410,0,377,14,12,60,3,2,1,2,1,1,2,0,0,0,0,3
3589,29799,0,229,12,1,12,0,0,0,0,0,0,0,0,0,0,0,0
1809,14929,0,193,22,2,24,0,1,0,0,1,1,0,0,0,0,0,1
1488,12365,1,236,14,1,14,0,1,0,0,0,0,0,0,0,0,0,0
3334,27491,0,235,4,2,10,0,0,0,0,0,0,1,0,0,0,1,1
2332,19164,1,217,10,1,10,0,0,0,0,0,1,0,0,0,0,0,1
3524,29275,1,166,10,1,10,0,0,0,0,0,0,0,0,0,0,0,0
2646,21961,1,399,10,10,54,2,1,4,0,0,0,1,0,0,0,0,1
2232,18401,1,153,4,1,4,0,0,0,0,0,1,0,0,0,0,0,1
2291,18834,0,216,8,2,14,1,0,0,0,0,0,0,0,0,0,0,0
952,7859,1,351,2,8,44,1,0,2,0,1,0,1,0,0,0,0,1
2085,17235,1,186,12,12,62,5,1,1,2,1,2,0,0,0,0,0,2
3951,32594,1,363,28,5,48,2,0,0,0,0,0,2,1,1,0,0,4
410,3673,1,100,14,1,14,0,0,0,0,1,0,0,0,0,0,0,0
1195,10002,1,365,12,6,46,2,1,0,0,0,0,2,0,0,0,0,2
1094,9172,1,260,14,2,16,1,0,1,0,0,0,0,0,0,0,0,0
3604,29912,0,109,4,2,8,0,0,0,0,0,1,0,0,0,0,0,1
2993,24770,1,306,6,2,10,0,0,0,0,0,0,0,1,1,0,0,2
2673,22150,0,439,2,10,22,1,0,0,0,0,0,0,0,0,0,0,0
1536,12726,0,101,10,2,14,1,0,0,0,0,2,0,0,0,0,1,2
3810,31460,1,338,12,8,46,2,0,3,1,1,1,0,0,0,0,0,1
2590,21408,1,202,4,1,4,0,0,0,0,0,4,2,0,0,0,0,6
3148,25972,1,139,28,2,30,1,1,0,0,0,0,0,0,0,0,0,0
458,4117,1,56,16,1,16,0,0,1,0,0,0,0,0,0,0,0,0
2952,24412,0,167,22,3,30,0,0,1,0,0,0,0,0,0,0,0,0
1211,10165,1,312,12,1,12,0,0,0,0,0,0,0,0,0,0,0,0
3702,30785,1,287,12,10,44,1,1,3,1,0,0,0,1,0,1,0,2
21,164,1,213,2,1,2,0,0,0,0,0,0,0,0,0,0,0,0
3843,31712,0,236,8,9,28,2,1,1,1,0,3,0,2,0,0,0,5
3541,29431,1,84,2,2,6,0,0,0,0,0,0,0,0,0,0,0,0
2065,17093,0,119,10,7,34,1,1,2,0,1,2,0,0,0,0,0,2
316,2819,1,101,10,2,18,0,1,0,0,0,0,0,0,0,0,0,0
753,6485,1,263,2,1,2,0,0,0,0,0,0,0,0,0,0,0,0
3918,32284,1,260,10,8,48,1,2,1,0,1,0,0,0,0,0,1,0
1598,13244,0,254,18,1,18,0,0,0,0,0,0,0,0,0,0,0,0
2857,23604,0,93,16,1,16,0,0,0,0,0,0,0,0,0,0,0,0
3165,26084,1,114,6,7,36,2,0,3,1,0,1,0,1,0,0,0,2
1356,11314,1,298,10,1,10,0,0,0,0,0,0,0,0,0,0,0,0
1806,14903,1,236,16,3,34,0,0,1,0,1,0,0,0,0,0,0,0
1829,15072,1,174,14,7,34,2,0,2,1,0,0,1,0,0,0,0,1
3209,26468,1,187,8,10,30,1,1,1,1,0,0,1,0,1,0,0,2
3671,30520,0,36,4,1,4,0,0,0,0,0,0,0,0,0,0,0,0
345,3043,1,211,28,1,28,0,0,1,0,0,0,0,0,0,0,0,0
3723,30969,1,202,8,1,8,0,0,0,0,0,0,0,0,0,0,0,0
2501,20597,0,114,30,2,32,1,1,0,0,0,0,0,0,0,0,0,0
2843,23542,1,374,16,6,44,1,0,2,0,1,0,3,1,0,0,0,4
2743,22728,0,96,10,3,22,0,0,0,0,0,0,0,0,0,0,0,0
1077,9021,0,91,16,1,16,1,0,0,0,0,0,0,0,0,0,0,0
1,25,1,297,14,2,22,0,1,1,0,0,0,0,0,0,0,0,0
617,5582,0,29,10,1,10,0,0,0,0,0,0,0,0,0,0,0,0
1482,12321,0,124,12,2,14,0,0,0,1,0,0,0,0,0,0,0,0
1527,12660,0,208,6,11,50,3,2,0,1,1,0,0,0,0,1,0,1
1409,11730,0,125,14,2,16,0,0,0,0,0,0,1,0,0,0,0,1
2492,20546,0,149,14,1,14,0,1,0,0,0,1,1,0,0,0,0,2
46,354,0,49,22,3,32,0,0,1,1,0,1,0,0,0,0,0,1
157,1313,1,100,12,4,32,0,0,0,2,1,0,0,0,0,0,0,0
3576,29697,0,229,14,5,32,1,0,0,1,0,0,0,0,0,0,0,0
1418,11813,1,153,12,2,18,0,0,0,1,0,0,0,0,0,0,0,0
160,1329,1,163,2,1,2,0,0,0,0,0,0,0,0,0,0,0,0
1361,11370,1,293,8,2,12,0,0,0,0,0,0,0,0,0,0,0,0
3971,32712,1,299,6,2,10,0,0,0,0,0,0,0,0,0,0,0,0
1829,15072,1,174,14,7,34,2,0,2,1,0,0,1,0,0,0,0,1
3763,31209,1,233,22,3,32,1,1,0,1,0,1,0,0,0,0,0,1
2231,18399,0,258,30,2,36,1,0,1,0,0,0,2,0,0,0,0,2
711,6196,1,49,12,3,26,0,1,1,0,0,0,0,0,0,0,0,0
3559,29578,1,319,6,2,14,0,0,0,1,0,0,1,0,0,0,0,1
572,5193,0,181,10,2,16,1,0,0,0,0,0,0,0,0,0,0,0
3573,29665,0,354,12,8,36,2,1,2,1,0,1,2,0,0,0,0,3
1779,14652,1,183,8,6,42,1,0,2,0,0,0,0,0,0,0,0,0
2361,19362,1,67,12,2,18,0,0,0,0,1,0,0,0,0,0,0,0
2176,17958,0,451,14,11,46,2,1,4,2,0,0,3,0,0,1,0,4
2147,17739,0,153,2,2,6,0,0,0,0,0,0,0,0,0,0,0,0
2255,18546,1,326,20,2,24,0,0,1,0,0,0,1,0,0,0,0,1
3934,32374,1,231,2,3,8,0,0,0,0,0,0,0,0,0,0,0,0
107,915,1,308,16,1,16,0,0,1,0,0,0,0,0,0,0,0,0
3137,25911,1,392,8,9,46,3,1,2,1,0,0,0,0,0,0,0,0
2575,21272,0,71,16,2,20,1,0,0,0,0,0,0,0,0,0,1,0
711,6196,1,49,12,3,26,0,1,1,0,0,0,0,0,0,0,0,0
1668,13780,1,108,8,2,14,0,1,0,0,0,1,0,0,0,0,0,1
410,3673,1,100,14,1,14,0,0,0,0,1,0,0,0,0,0,0,0
3484,28932,1,165,14,1,14,1,0,0,0,0,0,0,0,0,0,0,0
3467,28771,1,189,34,1,34,0,1,0,0,0,0,0,0,0,0,0,0
3752,31158,0,227,18,1,18,0,0,1,0,0,0,2,0,0,0,0,2
1203,10056,0,312,14,2,20,1,0,0,0,0,0,0,0,0,0,1,0
3604,29912,0,109,4,2,8,0,0,0,0,0,1,0,0,0,0,0,1
446,4003,1,139,8,1,8,0,0,0,0,0,0,0,0,0,0,0,0
424,3746,1,222,6,2,10,0,0,0,0,0,0,0,0,0,0,0,0
3244,26696,0,312,24,12,92,2,0,1,2,3,0,1,0,1,0,0,2
169,1394,1,275,8,10,62,1,1,1,2,1,2,0,1,1,2,0,6
724,6280,1,279,28,1,28,0,0,0,0,0,1,0,0,0,0,0,1
2580,21336,0,44,12,1,12,0,0,0,0,0,0,0,1,0,0,0,1
3732,31043,0,237,22,1,22,0,0,0,1,0,0,0,0,0,0,0,0
105,903,0,64,6,2,8,0,0,0,0,0,0,0,0,0,0,0,0
2743,22728,0,96,10,3,22,0,0,0,0,0,0,0,0,0,0,0,0
3576,29697,0,229,14,5,32,1,0,0,1,0,0,0,0,0,0,0,0
3124,25785,1,233,12,2,18,0,0,0,0,0,0,0,0,0,0,0,0
927,7713,1,129,14,2,20,0,2,0,0,0,0,0,0,0,0,0,0
2467,20277,1,177,14,11,36,1,0,3,0,1,0,0,0,0,0,0,0
3209,26468,1,187,8,10,30,1,1,1,1,0,0,1,0,1,0,0,2
3404,28168,0,201,8,2,16,0,0,0,0,0,0,0,0,0,0,0,0
2799,23198,0,308,14,1,14,0,0,0,0,0,0,1,0,0,0,0,1
3746,31124,0,291,6,2,14,0,0,1,0,0,1,0,0,0,0,0,1
3140,25923,0,162,12,10,34,2,0,1,2,1,0,0,0,1,0,0,1
626,5669,1,175,36,1,36,0,0,0,0,0,0,1,0,0,0,0,1
210,1813,1,226,2,1,2,0,0,0,0,0,0,0,0,0,0,0,0
1889,15625,1,36,6,2,12,0,0,0,0,0,1,0,0,0,0,0,1
1140,9618,0,331,8,11,64,1,1,3,1,0,2,1,0,0,0,1,3
3571,29643,1,63,6,2,10,0,0,0,0,0,0,0,0,0,0,0,0
126,1088,0,98,12,2,16,1,0,0,0,0,0,0,0,0,0,0,0
710,6192,1,248,12,1,12,0,0,0,0,0,0,0,0,0,0,0,0
1664,13776,1,158,12,2,20,0,1,0,0,0,0,2,1,0,0,0,3
1619,13398,0,82,16,2,24,0,0,0,1,0,0,0,0,0,0,0,0
1707,14083,0,227,18,2,26,0,0,0,0,1,0,0,1,0,0,0,1
238,2081,0,109,14,2,20,0,0,1,0,1,0,0,0,0,0,0,0
3281,27059,0,121,36,4,48,1,0,0,2,0,1,0,0,0,0,0,1
2157,17791,1,296,14,7,38,0,0,2,1,1,0,0,0,1,0,0,1
210,1813,1,226,2,1,2,0,0,0,0,0,0,0,0,0,0,0,0
771,6628,0,162,12,1,12,0,0,0,0,0,0,0,0,0,0,0,0
799,6775,1,417,14,12,44,2,1,2,3,1,1,2,0,0,0,0,3
1649,13684,1,122,30,1,30,0,0,0,0,0,0,0,0,0,0,0,0
3359,27750,0,199,18,1,18,0,0,0,0,1,0,0,0,0,0,0,0
1108,9273,1,267,28,2,36,0,0,1,0,0,1,0,0,0,0,0,1
3934,32374,1,231,2,3,8,0,0,0,0,0,0,0,0,0,0,0,0
2247,18507,1,183,14,2,22,0,0,0,1,0,0,0,0,0,0,1,0
2794,23119,1,307,14,2,22,1,0,1,0,0,0,0,0,0,0,0,0
1914,15858,0,148,26,2,30,0,0,2,0,0,0,0,0,0,0,0,0
1146,9657,1,26,8,1,8,0,0,0,0,0,0,0,0,0,0,0,0
2332,19164,1,217,10,1,10,0,0,0,0,0,1,0,0,0,0,0,1
3441,28530,1,256,2,1,2,0,0,0,0,0,0,0,0,0,0,0,0
37,277,1,223,16,7,44,2,1,1,1,0,2,0,1,0,1,0,4
2301,18909,1,170,8,4,22,1,0,1,1,0,0,1,0,0,0,0,1
2195,18114,1,126,8,3,18,0,0,1,0,0,0,1,0,0,0,0,1
3563,29597,0,214,36,7,64,1,0,3,2,0,0,0,0,1,0,0,1
1509,12559,1,356,12,9,62,1,1,2,1,0,1,0,0,0,0,0,1
2217,18291,1,224,2,2,10,0,0,0,0,0,0,2,0,0,0,0,2
1745,14380,1,282,4,1,4,0,0,0,0,0,0,0,0,0,0,0,0
391,3526,1,300,16,2,18,1,0,0,0,0,1,0,0,0,0,0,1
2057,17017,1,320,10,2,16,0,1,0,0,0,0,0,0,0,0,0,0
2115,17459,0,249,16,1,16,1,0,0,0,0,0,1,1,0,0,0,2
1317,10957,1,263,12,2,20,0,0,1,0,0,0,0,0,0,0,0,0
374,3270,1,223,10,6,24,0,0,2,1,1,0,0,0,0,0,0,0
2737,22668,1,126,14,6,30,1,1,1,0,1,0,0,0,0,1,0,1
192,1641,0,88,18,2,22,1,0,0,0,1,0,0,0,0,0,0,0
3711,30834,1,326,12,4,28,1,0,1,0,0,0,0,1,0,0,0,1
2517,20746,0,91,14,2,20,0,1,1,0,0,1,0,0,0,0,0,1
2423,19925,1,309,12,5,34,0,1,3,0,0,0,0,0,1,0,0,1
3023,25000,1,406,10,8,56,2,0,1,0,2,0,2,0,0,0,1,2
1607,13309,1,136,12,5,30,0,0,2,1,0,0,0,0,1,0,0,1
3170,26120,1,125,16,2,20,0,0,2,0,0,0,0,0,0,0,0,0
3536,29379,1,416,6,8,24,4,0,0,0,3,1,1,0,0,1,0,3
2568,21194,1,445,16,12,68,4,2,1,1,1,0,0,0,0,0,0,0
1683,13896,1,158,14,1,14,0,0,1,0,0,0,2,0,0,0,0,2
543,4939,1,228,8,1,8,0,0,0,0,0,0,0,0,0,0,0,0
826,6940,1,65,12,2,14,1,0,0,0,0,0,0,0,0,0,0,0
2251,18526,1,26,12,1,12,0,0,0,0,0,0,0,0,0,0,0,0
1587,13157,1,167,8,1,8,0,0,0,0,0,0,0,0,0,0,0,0
281,2473,1,45,26,2,34,2,0,0,0,0,0,0,0,0,0,0,0
1,25,1,297,14,2,22,0,1,1,0,0,0,0,0,0,0,0,0
1149,9683,1,178,12,2,14,0,1,0,0,0,0,0,0,0,0,0,0
1430,11889,1,366,10,9,36,0,1,4,0,1,0,1,0,0,0,0,1
422,3739,1,43,2,2,4,0,0,0,0,0,0,0,0,0,0,1,0
3286,27106,1,106,12,2,14,1,0,0,0,0,0,0,0,0,0,0,0
573,5197,1,211,20,1,20,1,0,0,0,0,0,0,0,0,0,0,0
3146,25948,0,58,10,1,10,0,0,0,0,0,2,0,0,0,0,0,2
721,6256,0,49,16,3,22,1,0,0,1,0,1,0,0,0,0,0,1
2545,21021,1,267,10,2,18,0,0,1,0,0,0,0,0,0,0,0,0
330,2907,1,75,4,2,10,0,0,0,0,0,0,0,0,0,0,0,0
3848,31755,1,133,16,2,20,0,0,0,1,0,0,0,0,0,0,0,0
885,7381,0,239,16,1,16,0,0,1,0,0,0,0,0,0,0,0,0
203,1766,0,164,12,3,24,0,1,1,0,0,0,0,0,0,0,0,0
3975,32736,1,19,12,1,12,0,0,0,0,0,0,0,0,0,0,0,0
1082,9068,1,377,4,11,48,0,1,4,0,1,1,1,1,1,1,0,5
623,5648,1,159,10,3,22,1,0,0,0,0,0,0,0,0,0,0,0
1440,11978,1,36,16,2,20,0,0,1,0,0,1,0,0,0,0,0,1
3276,27009,0,154,34,2,40,2,0,0,0,0,0,3,1,0,0,0,4
2382,19515,1,32,12,2,20,1,0,0,0,0,0,0,0,0,0,0,0
40,330,0,211,6,11,44,3,2,2,0,0,2,1,2,0,1,0,6
3477,28871,0,53,22,3,32,2,0,0,0,0,0,0,0,0,0,0,0
1294,10829,0,318,4,7,44,0,1,2,1,1,1,0,1,1,1,0,4
3899,32143,1,27,2,1,2,0,0,0,0,0,0,0,0,0,0,0,0
1741,14349,1,185,30,1,30,0,1,0,0,0,0,0,1,0,0,0,1
3547,29455,1,144,14,2,16,1,0,1,0,0,0,1,0,0,0,0,1
3307,27274,0,240,4,2,6,0,0,0,0,0,1,0,0,0,0,0,1
2593,21455,1,79,2,3,16,1,0,0,1,0,0,0,0,0,0,1,0
1063,8901,1,246,8,7,36,0,2,0,1,1,0,1,0,1,0,0,2
2658,22036,1,124,16,8,46,2,1,3,1,1,0,0,0,0,0,0,0
1530,12687,0,362,12,9,36,1,0,2,1,0,0,1,0,0,1,0,2
2072,17159,0,412,2,10,34,2,2,0,1,0,0,1,0,0,0,1,1
1497,12428,0,194,10,6,22,0,0,1,0,2,0,0,1,1,0,1,2
2560,21147,0,58,36,1,36,0,0,0,0,1,0,0,0,0,0,1,0
3505,29098,0,61,22,1,22,0,0,1,0,0,0,0,0,0,0,0,0
727,6291,1,325,12,2,18,1,0,0,0,0,0,0,0,0,0,0,0
573,5197,1,211,20,1,20,1,0,0,0,0,0,0,0,0,0,0,0
2918,24078,1,215,28,1,28,0,0,1,0,0,1,0,0,0,0,0,1
3559,29578,1,319,6,2,14,0,0,0,1,0,0,1,0,0,0,0,1
981,8060,0,230,14,1,14,0,0,1,0,0,0,0,0,0,0,0,0
1108,9273,1,267,28,2,36,0,0,1,0,0,1,0,0,0,0,0,1
1919,15894,0,273,6,12,60,2,0,4,1,2,0,0,0,0,1,0,1
2007,16633,1,55,14,2,20,0,0,0,1,0,0,0,0,0,0,0,0
3277,27010,1,141,16,3,24,1,0,2,0,0,0,0,0,0,0,0,0
3403,28155,0,126,16,1,16,0,1,0,0,0,0,0,0,0,0,0,0
3193,26272,1,205,2,1,2,0,0,0,0,0,0,1,0,0,0,0,1
3427,28374,0,268,20,7,50,3,0,2,0,1,0,0,0,0,0,0,0
3065,25370,0,137,12,2,14,1,0,0,0,0,0,0,0,0,0,0,0
126,1088,0,98,12,2,16,1,0,0,0,0,0,0,0,0,0,0,0
3595,29825,1,187,34,2,38,0,0,0,1,0,0,1,0,0,0,0,1
3457,28696,1,16,8,1,8,0,0,0,0,0,3,0,0,0,0,0,3
3178,26207,1,249,4,7,20,1,0,1,0,0,2,1,0,0,0,0,3
3004,24868,1,166,6,3,20,0,0,0,0,0,1,0,0,0,0,0,1
1077,9021,0,91,16,1,16,1,0,0,0,0,0,0,0,0,0,0,0
2094,17309,1,280,26,3,42,0,0,0,0,0,0,0,0,0,0,0,0
2915,24054,0,252,12,2,18,0,0,0,1,0,0,0,0,0,0,0,0
1067,8927,1,293,12,2,16,1,0,0,0,0,0,0,0,0,0,0,0
2133,17633,1,133,34,2,38,0,0,1,0,0,0,0,2,0,0,0,2
1217,10206,1,415,10,12,68,3,0,2,1,1,2,2,0,0,0,0,4
932,7733,1,158,2,2,8,0,0,0,0,0,0,0,0,0,0,0,0
1136,9586,0,258,20,1,20,0,0,0,0,0,0,1,0,0,0,0,1
3746,31124,0,291,6,2,14,0,0,1,0,0,1,0,0,0,0,0,1
2993,24770,1,306,6,2,10,0,0,0,0,0,0,0,1,1,0,0,2
2601,21577,1,51,8,1,8,0,0,0,0,0,0,0,0,0,0,1,0
59,450,1,148,22,3,30,1,0,2,0,0,0,0,0,0,0,0,0
761,6553,0,282,10,12,66,1,1,2,1,1,2,3,0,0,0,1,5
2908,23983,0,161,16,1,16,0,0,0,0,0,1,0,1,0,0,0,2
3270,26944,1,256,14,2,20,0,0,0,0,0,0,0,0,0,0,0,0
108,931,1,166,16,1,16,0,0,1,0,0,0,0,0,0,0,0,0
1557,12904,1,326,14,8,38,1,3,1,0,1,0,0,0,0,0,0,0
2888,23837,0,111,4,4,14,0,0,1,0,0,1,0,1,0,0,0,2
1609,13327,0,161,6,2,10,0,0,0,0,0,2,2,0,0,0,0,4
3503,29074,1,143,14,1,14,1,0,0,0,0,0,1,0,0,0,0,1
2367,19414,1,93,4,1,4,0,0,0,0,0,0,0,0,0,0,0,0
1418,11813,1,153,12,2,18,0,0,0,1,0,0,0,0,0,0,0,0
3457,28696,1,16,8,1,8,0,0,0,0,0,3,0,0,0,0,0,3
1932,16010,1,249,12,1,12,0,0,0,0,0,0,1,0,0,0,0,1
3154,26033,1,221,6,1,6,0,0,0,0,0,0,0,1,0,0,0,1
2754,22770,0,112,6,2,10,0,0,0,0,0,0,0,0,0,0,0,0
468,4209,0,71,20,2,24,0,0,0,0,0,0,2,0,0,0,0,2
3103,25614,1,360,12,8,60,1,0,4,1,0,1,0,1,0,0,0,2
1562,12952,0,167,2,1,2,0,0,0,0,0,0,0,0,0,0,0,0
3455,28663,1,39,32,1,32,1,0,0,0,0,0,0,0,0,0,1,0
470,4248,0,190,10,1,10,0,0,0,0,0,0,0,0,0,0,0,0
47,356,0,189,16,9,68,1,0,1,3,1,1,2,0,0,0,0,3
714,6219,0,159,4,10,46,2,1,1,2,0,2,1,0,0,0,0,3
3516,29166,1,428,10,9,48,2,1,2,2,1,0,0,0,0,0,0,0
1121,9440,0,135,8,1,8,0,0,0,0,0,0,0,0,0,0,0,0
1947,16094,1,316,16,4,28,0,0,2,0,0,0,1,0,0,0,1,1
2134,17634,1,199,32,2,34,0,2,0,0,0,0,1,0,0,0,0,1
3539,29411,1,164,2,2,6,0,0,0,0,0,1,0,0,0,0,0,1
3107,25664,1,209,34,10,92,4,0,3,0,1,0,1,0,0,0,0,1
2936,24261,1,278,10,2,18,0,0,0,1,0,2,2,0,0,0,0,4
3135,25898,1,30,4,1,4,0,0,0,0,0,0,0,0,0,0,0,0
1919,15894,0,273,6,12,60,2,0,4,1,2,0,0,0,0,1,0,1
1695,13996,1,42,10,1,10,0,0,0,0,0,0,0,0,0,0,0,0
3338,27520,0,217,14,2,16,1,0,1,0,0,1,0,0,0,0,0,1
169,1394,1,275,8,10,62,1,1,1,2,1,2,0,1,1,2,0,6
805,6818,1,260,6,7,38,1,0,4,1,0,0,0,0,0,0,0,0
2378,19489,1,285,16,3,26,2,0,1,0,0,0,2,0,0,0,0,2
3137,25911,1,392,8,9,46,3,1,2,1,0,0,0,0,0,0,0,0
3174,26169,1,95,20,1,20,0,0,0,0,0,0,1,0,0,0,0,1
2147,17739,0,153,2,2,6,0,0,0,0,0,0,0,0,0,0,0,0
738,6348,1,128,14,1,14,0,0,0,0,0,1,0,0,0,0,0,1
70,567,1,135,16,8,60,3,1,0,1,0,2,1,0,0,2,0,5
1384,11554,0,79,26,1,26,0,0,0,0,0,0,1,0,0,0,0,1
2784,23052,1,109,6,3,16,0,0,0,0,0,0,0,0,0,0,0,0
1257,10541,1,189,4,11,30,0,1,0,0,0,1,1,0,0,1,1,3
152,1253,0,285,12,2,14,1,0,0,0,0,0,0,0,0,0,0,0
2055,16994,1,243,30,2,34,1,0,0,0,0,0,0,0,0,0,0,0
2870,23677,1,225,32,2,40,0,1,0,0,0,1,0,0,0,0,0,1
786,6713,0,124,2,4,22,0,0,1,1,0,0,0,0,0,0,0,0
3541,29431,1,84,2,2,6,0,0,0,0,0,0,0,0,0,0,0,0
808,6840,0,96,12,4,28,1,1,0,0,0,0,1,0,0,0,0,1
1319,10963,1,295,10,1,10,0,0,0,0,0,0,0,0,0,0,0,0
3363,27768,1,100,14,1,14,0,0,0,0,0,0,0,0,0,0,1,0
977,8022,1,197,2,1,2,0,0,0,0,0,0,0,0,0,0,0,0
1582,13115,1,126,26,1,26,1,0,0,0,0,1,0,0,0,0,1,1
2898,23889,1,249,8,2,14,1,0,0,0,0,0,1,0,0,0,0,1
3727,30983,1,280,12,11,60,2,0,3,1,0,0,1,0,2,0,0,3
3363,27768,1,100,14,1,14,0,0,0,0,0,0,0,0,0,0,1,0
2035,16833,1,228,20,5,46,0,2,3,0,0,0,0,0,0,0,0,0
258,2253,1,260,12,1,12,0,0,0,0,0,0,0,0,0,0,0,0
2384,19523,0,223,12,2,18,0,0,1,0,0,0,0,0,0,0,0,0
3609,29959,1,382,4,8,40,1,0,2,0,1,0,1,0,0,0,0,1
2736,22667,1,131,14,2,20,0,0,1,1,0,0,0,0,0,0,0,0
2318,19016,0,161,14,1,14,0,1,0,0,0,1,0,0,0,0,0,1
3350,27632,1,110,12,2,14,0,0,1,0,0,1,0,0,0,0,0,1
1158,9727,1,421,14,12,50,1,1,1,1,3,2,2,0,0,0,0,4
2134,17634,1,199,32,2,34,0,2,0,0,0,0,1,0,0,0,0,1
2850,23577,1,252,10,1,10,0,0,0,0,0,0,0,0,0,0,0,0
1471,12205,0,215,10,1,10,0,0,0,0,0,0,0,0,0,0,0,0
27,214,0,177,24,1,24,0,0,0,0,0,1,0,0,0,0,0,1
2074,17165,1,88,22,1,22,1,0,0,0,0,0,0,0,0,0,0,0
1483,12338,1,280,14,2,22,1,0,1,0,0,0,0,0,0,0,0,0
2205,18197,0,274,2,1,2,0,0,0,0,0,0,0,0,0,0,0,0
2072,17159,0,412,2,10,34,2,2,0,1,0,0,1,0,0,0,1,1
1417,11811,0,281,16,11,40,0,1,2,3,2,2,1,0,0,0,0,3
3712,30842,1,52,14,2,20,1,0,1,0,0,0,0,0,0,0,0,0
2904,23938,1,33,6,1,6,0,0,0,0,0,0,0,1,0,0,1,1
1178,9850,1,226,12,10,44,1,1,3,1,0,1,2,1,0,1,0,5
105,903,0,64,6,2,8,0,0,0,0,0,0,0,0,0,0,0,0
1264,10592,1,41,2,1,2,0,0,0,0,0,0,0,0,0,0,0,0
934,7740,1,259,4,2,8,0,0,0,0,0,0,0,0,0,0,0,0
123,1076,0,139,30,2,34,0,0,1,0,1,0,0,0,1,0,0,1
1925,15950,1,146,6,6,32,0,0,1,0,0,0,0,0,0,0,0,0
2001,16586,0,291,6,1,6,0,0,0,0,0,0,1,0,0,0,0,1
610,5536,0,178,18,2,26,1,0,1,0,0,0,0,0,0,0,0,0
1473,12244,0,403,10,9,46,1,1,2,1,0,2,1,0,0,0,1,3
3207,26430,1,219,28,2,34,0,0,0,2,0,1,0,0,0,0,0,1
2828,23400,0,215,12,2,16,1,0,0,0,0,0,0,0,0,0,0,0
2545,21021,1,267,10,2,18,0,0,1,0,0,0,0,0,0,0,0,0
312,2771,0,356,4,6,22,1,0,0,1,0,0,0,0,0,0,1,0
1829,15072,1,174,14,7,34,2,0,2,1,0,0,1,0,0,0,0,1
258,2253,1,260,12,1,12,0,0,0,0,0,0,0,0,0,0,0,0
2101,17340,1,225,14,9,66,2,2,2,2,1,0,0,0,0,0,1,0
2600,21576,1,282,16,10,66,2,1,3,2,0,0,0,0,1,0,0,1
1397,11635,1,156,14,6,32,2,0,1,1,2,0,0,0,0,0,0,0
562,5090,1,392,8,12,60,1,2,2,0,1,0,3,1,1,0,0,5
392,3531,1,364,14,8,52,3,0,1,1,2,1,0,0,0,0,0,1
659,5880,1,305,10,2,12,0,0,0,0,0,0,0,0,0,0,0,0
2153,17768,1,409,12,10,68,3,0,2,0,2,0,0,0,0,0,0,0
2857,23604,0,93,16,1,16,0,0,0,0,0,0,0,0,0,0,0,0
360,3102,0,24,8,1,8,0,0,0,0,0,0,0,0,0,0,0,0
2174,17946,1,105,12,2,14,1,0,0,0,0,0,0,1,0,0,0,1
3363,27768,1,100,14,1,14,0,0,0,0,0,0,0,0,0,0,1,0
3102,25608,1,88,8,2,12,0,0,0,0,0,0,0,0,0,0,0,0
610,5536,0,178,18,2,26,1,0,1,0,0,0,0,0,0,0,0,0
1124,9477,0,258,2,4,16,1,1,0,0,0,0,0,0,0,0,0,0
3752,31158,0,227,18,1,18,0,0,1,0,0,0,2,0,0,0,0,2
1195,10002,1,365,12,6,46,2,1,0,0,0,0,2,0,0,0,0,2
2770,22913,1,150,30,6,48,1,0,2,0,1,0,0,0,0,0,1,0
3135,25898,1,30,4,1,4,0,0,0,0,0,0,0,0,0,0,0,0
429,3817,1,377,6,12,34,3,1,0,0,0,2,2,0,0,0,1,4
872,7267,0,359,2,4,14,1,0,0,0,0,0,0,0,0,0,0,0
1186,9933,1,309,34,2,40,0,1,0,1,0,0,0,0,0,0,0,0
2721,22557,0,155,14,9,60,3,1,2,2,0,0,2,0,0,0,0,2
3687,30610,0,259,8,2,10,0,0,0,0,0,2,2,0,0,0,0,4
581,5246,1,423,12,10,34,2,1,2,0,4,0,0,1,1,0,0,2
284,2505,1,297,8,7,22,0,2,1,0,0,1,0,0,0,0,0,1
1440,11978,1,36,16,2,20,0,0,1,0,0,1,0,0,0,0,0,1
2895,23882,0,309,10,12,80,3,1,3,1,1,0,0,0,0,0,0,0
1649,13684,1,122,30,1,30,0,0,0,0,0,0,0,0,0,0,0,0
3702,30785,1,287,12,10,44,1,1,3,1,0,0,0,1,0,1,0,2
3096,25579,0,216,12,1,12,0,0,0,0,0,0,1,0,0,0,1,1
3527,29284,1,114,12,1,12,0,0,0,0,0,1,0,0,0,0,0,1
3437,28493,0,306,18,2,24,1,0,0,0,0,0,0,1,0,0,0,1
1496,12427,1,43,16,2,22,1,0,0,0,1,0,0,0,0,0,0,0
746,6402,1,49,34,1,34,0,0,1,0,0,0,0,0,0,0,0,0
1817,14981,1,75,16,1,16,1,0,0,0,0,0,0,0,0,0,0,0
2595,21471,1,206,14,1,14,0,0,0,1,0,0,1,0,0,0,0,1
1952,16150,1,286,14,10,66,2,2,3,1,0,0,0,0,0,0,0,0
864,7211,1,336,2,10,24,2,0,0,0,0,1,3,0,0,0,1,4
2664,22075,1,206,10,2,12,0,0,0,0,0,0,1,0,0,0,0,1
2666,22108,0,234,10,1,10,0,0,0,0,0,0,0,0,0,0,0,0
2929,24184,1,62,4,2,12,0,0,0,0,0,0,0,0,0,0,0,0
1573,13015,1,209,16,1,16,1,0,0,0,0,0,0,1,0,0,0,1
1683,13896,1,158,14,1,14,0,0,1,0,0,0,2,0,0,0,0,2
1884,15562,0,189,14,4,34,0,1,1,0,0,1,1,0,0,0,1,2
298,2649,1,143,10,1,10,0,0,0,0,0,0,0,0,0,0,0,0
605,5452,1,203,18,1,18,0,0,0,0,0,1,0,0,0,0,0,1
3702,30785,1,287,12,10,44,1,1,3,1,0,0,0,1,0,1,0,2
2045,16910,1,238,34,2,42,2,0,0,0,0,0,0,2,0,0,0,2
2442,20056,1,127,4,1,4,0,0,0,0,0,1,0,0,0,0,0,1
919,7661,0,171,2,2,8,0,0,0,0,0,0,0,0,0,0,0,0
2806,23262,1,335,18,12,66,1,0,5,1,1,0,0,0,0,0,0,0
2427,19968,1,300,16,1,16,0,0,0,0,0,1,0,1,0,0,0,2
349,3055,0,248,16,8,38,3,0,2,1,0,1,1,0,0,0,1,2
2753,22762,1,163,14,6,30,1,2,0,2,0,0,0,0,0,0,0,0
3711,30834,1,326,12,4,28,1,0,1,0,0,0,0,1,0,0,0,1
711,6196,1,49,12,3,26,0,1,1,0,0,0,0,0,0,0,0,0
3559,29578,1,319,6,2,14,0,0,0,1,0,0,1,0,0,0,0,1
27,214,0,177,24,1,24,0,0,0,0,0,1,0,0,0,0,0,1
213,1825,1,432,12,11,76,3,2,2,0,0,1,2,0,0,0,0,3
1721,14202,1,320,12,11,40,2,0,2,0,1,0,0,0,0,0,0,0
2738,22669,0,303,2,1,2,0,0,0,0,0,0,0,0,0,0,0,0
2133,17633,1,133,34,2,38,0,0,1,0,0,0,0,2,0,0,0,2
102,874,1,274,14,11,68,4,1,2,1,0,1,2,2,0,1,0,6
2280,18691,1,311,30,12,66,2,0,3,0,2,0,1,0,0,0,0,1
1499,12452,0,285,16,2,22,0,0,0,0,0,0,2,0,0,0,0,2
149,1230,1,359,18,9,48,1,0,3,2,0,2,1,0,0,0,0,3
851,7103,1,247,34,1,34,0,0,0,0,0,0,1,0,0,0,0,1
3133,25881,0,186,8,8,38,2,1,1,1,0,0,2,0,0,0,1,2
453,4061,1,62,10,1,10,0,0,0,0,0,0,0,0,0,0,0,0
3203,26378,1,444,8,11,36,3,0,1,2,0,0,1,0,0,0,0,1
3929,32365,1,145,18,2,22,1,0,1,0,0,0,0,0,0,0,0,0
251,2203,1,173,20,2,28,0,0,1,1,0,0,0,0,0,0,0,0
626,5669,1,175,36,1,36,0,0,0,0,0,0,1,0,0,0,0,1
3666,30490,1,207,14,5,40,3,2,0,0,0,0,0,0,0,0,0,0
730,6304,1,91,2,6,28,0,0,0,0,1,0,1,0,0,0,0,1
2035,16833,1,228,20,5,46,0,2,3,0,0,0,0,0,0,0,0,0
2728,22607,1,238,18,1,18,0,0,1,0,0,0,0,1,0,0,0,1
328,2901,0,48,10,1,10,0,0,0,0,0,0,0,0,0,0,1,0
1894,15693,1,64,14,2,16,0,0,0,1,1,0,0,0,0,0,1,0
2043,16901,1,248,6,7,46,0,1,2,0,1,0,0,0,0,0,0,0
435,3882,1,223,4,7,22,1,0,2,1,0,1,1,1,0,0,0,3
2121,17519,0,89,6,1,6,0,0,0,0,0,0,0,0,0,0,1,0
202,1749,1,304,16,2,18,1,0,0,1,0,0,0,0,0,0,0,0
3793,31359,1,256,12,2,18,1,0,0,0,0,0,0,1,0,0,0,1
176,1486,1,229,8,2,12,0,0,0,0,0,0,0,0,0,0,0,0
1373,11486,1,193,14,2,18,1,1,0,0,0,0,0,0,0,0,0,0
2745,22732,1,328,34,7,56,1,0,2,1,0,3,0,0,0,0,0,3
928,7714,1,238,2,10,40,0,0,3,1,1,0,2,0,0,0,0,2
1080,9037,1,108,22,7,60,1,1,0,3,0,1,1,0,0,0,0,2
2259,18596,0,143,16,1,16,1,0,0,0,0,0,0,0,0,0,0,0
311,2761,1,199,4,10,34,3,0,2,1,2,1,0,0,0,0,0,1
2260,18600,0,176,12,1,12,0,0,0,0,0,0,1,0,0,0,0,1
3889,32083,0,353,16,9,36,2,1,3,0,0,0,1,0,0,0,1,1
1833,15123,1,185,6,2,8,0,0,0,0,0,0,0,0,0,0,0,0
1941,16072,1,285,16,2,24,0,1,0,0,1,0,0,0,0,0,0,0
1,25,1,297,14,2,22,0,1,1,0,0,0,0,0,0,0,0,0
3666,30490,1,207,14,5,40,3,2,0,0,0,0,0,0,0,0,0,0
3311,27298,1,288,10,11,48,3,1,1,1,1,2,0,0,0,0,1,2
3573,29665,0,354,12,8,36,2,1,2,1,0,1,2,0,0,0,0,3
2658,22036,1,124,16,8,46,2,1,3,1,1,0,0,0,0,0,0,0
477,4345,1,263,14,7,42,1,1,2,0,1,0,1,1,1,0,0,3
3971,32712,1,299,6,2,10,0,0,0,0,0,0,0,0,0,0,0,0
2301,18909,1,170,8,4,22,1,0,1,1,0,0,1,0,0,0,0,1
760,6551,1,396,12,9,44,1,1,2,0,0,1,2,0,0,0,1,3
3788,31323,1,222,8,5,30,0,0,1,1,0,1,0,0,0,0,0,1
119,1012,1,268,14,2,18,1,0,0,0,0,1,0,0,0,0,0,1
2031,16805,1,216,16,6,48,2,0,1,1,0,0,0,0,0,0,1,0
2706,22416,0,302,4,3,12,0,0,0,0,0,0,0,0,0,0,0,0
1155,9712,1,63,2,2,4,0,0,0,0,0,0,0,0,0,0,0,0
1487,12361,1,192,14,1,14,0,0,0,0,0,1,0,0,0,0,1,1
1050,8676,1,67,30,1,30,0,0,0,0,0,0,1,0,0,0,0,1
420,3716,1,235,12,7,52,1,0,3,0,0,2,0,0,0,0,0,2
2481,20418,1,397,22,10,72,5,1,2,0,0,0,0,1,0,0,0,1
2946,24379,1,183,8,1,8,0,0,0,0,0,0,2,0,0,0,0,2
334,2959,1,311,10,1,10,0,0,0,0,0,0,0,0,0,0,0,0
3380,27941,1,233,8,1,8,0,0,0,0,0,0,0,0,0,0,0,0
2427,19968,1,300,16,1,16,0,0,0,0,0,1,0,1,0,0,0,2
2467,20277,1,177,14,11,36,1,0,3,0,1,0,0,0,0,0,0,0
2441,20053,1,148,10,1,10,0,0,0,0,0,1,0,0,0,0,0,1
1529,12676,1,368,12,11,62,3,0,3,1,1,0,2,0,0,0,0,2
70,567,1,135,16,8,60,3,1,0,1,0,2,1,0,0,2,0,5
222,1889,1,361,6,6,36,1,0,2,0,0,1,1,1,0,1,1,4
3122,25777,0,217,12,2,16,0,0,1,0,0,0,0,0,0,0,0,0
1808,14922,1,369,12,8,52,1,0,2,0,1,0,1,0,0,0,0,1
3334,27491,0,235,4,2,10,0,0,0,0,0,0,1,0,0,0,1,1
2817,23315,1,32,22,2,24,0,0,1,0,0,1,0,0,0,0,0,1
2875,23728,1,197,2,10,42,0,2,4,1,0,0,1,0,0,0,0,1
2939,24304,0,249,32,2,40,0,0,1,0,1,0,1,0,0,0,0,1
420,3716,1,235,12,7,52,1,0,3,0,0,2,0,0,0,0,0,2
631,5711,1,73,6,1,6,0,0,0,0,0,0,0,0,0,0,0,0
1796,14830,1,372,12,7,48,1,1,1,2,1,0,1,0,0,1,0,2
1144,9642,1,208,8,4,28,0,1,0,2,0,0,0,0,0,0,0,0
2361,19362,1,67,12,2,18,0,0,0,0,1,0,0,0,0,0,0,0
2865,23654,1,230,32,1,32,0,0,1,0,0,0,0,1,0,0,0,1
3004,24868,1,166,6,3,20,0,0,0,0,0,1,0,0,0,0,0,1
2506,20622,1,383,14,12,58,1,1,4,1,3,1,1,0,0,0,0,2
2787,23069,1,298,10,1,10,0,0,0,0,0,0,2,0,0,0,0,2
