Seq,ID,Gender,Monetary,Recency,Frq,FirstPurch,ChildBks,YouthBks,CookBks,DoItYBks,RefBks,ArtBks,GeogBks,ItalCook,ItalAtlas,ItalArt,Florence,Related 
3603,29901,1,251,14,2,20,1,0,1,0,0,0,0,0,0,0,0,0
1330,11061,0,313,12,2,20,0,0,1,0,0,0,0,0,0,0,0,0
3523,29269,1,189,4,2,8,0,0,0,0,0,0,0,0,0,0,0,0
3446,28558,0,365,14,6,42,0,0,2,1,0,0,1,0,0,0,0,1
3701,30783,1,103,18,1,18,0,0,0,1,0,0,0,0,0,0,0,0
544,4940,1,200,10,1,10,0,0,0,0,0,0,0,0,0,0,0,0
2371,19433,0,279,2,2,4,0,0,0,0,0,1,0,1,0,0,0,2
3966,32682,0,194,6,2,8,0,0,0,0,0,2,0,0,0,0,0,2
1093,9162,1,321,2,7,34,2,1,1,0,0,2,0,1,0,2,0,5
12,100,0,320,2,3,18,0,0,0,0,0,1,0,0,0,0,1,1
3803,31416,1,276,12,2,14,1,0,0,0,0,0,0,1,0,0,0,1
627,5670,0,173,16,8,44,3,1,1,1,1,1,0,0,0,0,0,1
766,6596,1,325,16,2,18,0,0,2,0,0,0,0,1,0,0,0,1
9,81,1,252,10,1,10,0,0,0,0,0,0,0,0,0,0,0,0
3659,30425,1,99,26,2,32,0,1,0,0,1,1,0,1,0,0,0,2
842,7052,0,201,10,1,10,0,0,0,0,0,0,0,0,0,0,0,0
88,712,1,306,10,2,16,0,0,0,0,0,1,0,0,0,0,0,1
560,5077,1,239,12,1,12,0,0,0,0,0,0,0,0,0,0,0,0
3952,32599,1,314,34,2,38,1,0,1,0,0,0,0,0,0,0,0,0
2691,22313,1,210,16,2,24,0,0,1,0,1,0,1,0,0,0,0,1
1725,14236,0,110,10,1,10,0,0,0,0,0,0,0,0,0,0,0,0
299,2660,0,212,10,1,10,0,0,0,0,0,0,0,0,0,0,0,0
1684,13898,1,167,4,7,26,2,1,1,1,0,1,0,0,0,0,0,1
2468,20289,1,258,16,2,22,0,0,1,0,0,0,1,0,0,0,0,1
2744,22731,1,40,10,1,10,0,0,0,0,0,0,0,0,0,0,0,0
287,2523,1,252,2,1,2,0,0,0,0,0,0,0,0,0,0,0,0
138,1149,1,136,6,1,6,0,0,0,0,0,0,0,0,0,0,0,0
1973,16362,0,361,10,12,64,3,1,3,2,1,0,0,0,2,0,0,2
262,2294,1,121,12,5,32,1,0,0,1,0,0,0,0,0,0,0,0
3265,26897,1,139,10,2,18,1,0,0,0,0,0,0,0,0,0,0,0
2906,23974,1,183,16,10,50,1,1,3,1,1,0,2,1,0,0,0,3
1865,15391,0,118,10,2,16,1,0,0,0,0,0,0,0,0,0,0,0
1241,10370,1,300,12,2,18,1,0,0,0,0,0,0,0,0,0,0,0
347,3048,0,304,20,2,22,0,0,2,0,0,0,0,0,0,0,0,0
2429,19977,0,176,12,2,18,0,0,1,0,0,3,1,0,0,0,0,4
1073,8976,1,324,2,3,18,0,0,0,0,1,0,0,0,0,0,0,0
561,5083,1,224,32,1,32,0,0,0,1,0,0,0,0,0,0,0,0
2003,16612,1,142,10,2,16,0,1,0,0,0,0,0,0,0,0,0,0
1421,11826,0,39,4,1,4,0,0,0,0,0,0,0,0,0,0,0,0
2376,19474,1,267,10,6,28,0,1,2,0,0,0,0,0,1,1,0,2
1079,9026,1,222,12,1,12,0,0,0,0,0,0,0,0,0,0,0,0
1584,13130,0,52,20,3,36,1,0,0,1,0,2,0,1,0,1,0,4
1543,12779,1,302,10,2,12,0,0,0,0,0,0,0,0,0,0,0,0
3644,30262,1,417,12,8,36,3,1,2,0,0,1,2,0,0,0,0,3
790,6725,1,118,16,1,16,0,0,0,0,0,0,1,0,0,0,0,1
3583,29744,1,91,24,6,56,2,0,1,1,1,0,0,0,0,0,0,0
720,6249,1,191,20,8,44,3,1,2,0,1,1,0,0,0,0,0,1
592,5355,1,108,8,1,8,0,0,0,0,0,0,0,0,0,0,0,0
3579,29716,0,271,12,1,12,0,0,0,0,0,0,0,0,0,0,0,0
3428,28376,1,61,12,2,16,0,1,0,0,0,0,0,0,0,0,0,0
547,5010,1,157,8,1,8,0,0,0,0,0,0,0,0,0,0,0,0
421,3736,1,57,18,2,24,1,0,0,0,0,0,1,0,0,0,0,1
189,1554,1,128,32,5,48,1,0,1,0,0,0,3,0,0,0,0,3
3171,26154,0,62,12,2,20,0,1,0,0,0,0,0,0,0,0,0,0
2802,23213,1,223,2,1,2,0,0,0,0,0,1,0,0,0,0,0,1
2698,22376,0,193,14,1,14,0,0,0,0,0,0,0,3,0,0,0,3
2242,18456,1,279,8,2,14,1,0,0,0,0,2,0,0,0,0,0,2
3192,26271,1,84,8,2,14,0,0,0,0,0,3,0,0,0,0,0,3
3842,31708,1,297,2,1,2,0,0,0,0,0,0,0,1,0,0,1,1
2187,18077,0,44,22,2,26,1,0,0,1,0,0,0,0,0,0,0,0
2519,20761,0,124,10,1,10,0,0,0,0,0,1,0,0,0,0,0,1
208,1799,1,90,10,2,14,0,1,0,0,0,0,0,0,0,0,0,0
2791,23100,1,290,10,2,16,0,0,1,0,0,0,0,0,0,0,0,0
3895,32125,1,120,14,4,36,0,0,1,0,1,1,0,0,0,0,0,1
2206,18206,0,190,6,2,14,0,0,1,0,0,0,1,0,0,0,0,1
1902,15735,1,259,2,2,6,0,0,0,0,0,0,1,0,0,0,0,1
3949,32579,1,124,12,2,14,1,0,0,0,0,0,0,2,0,0,0,2
439,3927,1,366,10,12,70,3,0,2,1,0,1,2,0,0,0,0,3
3911,32235,1,365,16,8,48,2,0,3,1,1,0,1,0,0,0,0,1
52,409,1,233,30,8,54,0,1,2,2,0,2,1,0,0,0,0,3
1781,14680,0,264,28,1,28,0,0,0,0,1,0,0,0,0,0,0,0
2531,20883,1,190,14,2,22,0,0,0,0,0,0,1,0,0,0,0,1
2142,17725,0,305,10,1,10,0,0,0,0,0,0,0,0,0,0,0,0
2428,19969,1,138,8,7,48,0,1,2,0,0,0,0,0,0,0,0,0
3045,25245,0,184,12,10,48,3,0,2,2,0,0,0,0,2,0,0,2
474,4294,1,422,14,9,38,1,0,3,1,1,1,2,0,0,0,0,3
1385,11558,1,281,2,2,8,0,0,0,0,0,0,0,0,0,0,0,0
1524,12647,0,266,2,12,46,2,0,2,1,2,0,1,2,0,0,1,3
2262,18603,1,227,14,2,20,1,0,1,0,0,1,0,0,0,0,1,1
302,2676,1,18,16,1,16,0,1,0,0,0,0,0,0,0,0,0,0
2337,19204,1,191,8,8,26,0,2,3,0,0,0,0,0,0,0,0,0
3332,27452,1,241,14,2,20,0,0,1,0,1,0,0,0,0,0,0,0
103,876,0,176,6,7,20,2,1,1,0,0,0,0,1,0,0,0,1
2252,18528,1,417,16,12,52,6,1,1,1,0,0,2,0,0,0,0,2
2029,16789,0,192,10,11,72,4,1,1,1,0,0,0,0,0,0,0,0
1526,12659,0,258,6,2,10,0,0,0,0,0,0,0,0,0,0,0,0
241,2108,0,282,14,2,18,0,0,0,1,0,1,0,0,0,0,0,1
2270,18652,1,215,4,1,4,0,0,0,0,0,0,0,0,0,0,1,0
2016,16692,1,99,8,1,8,0,0,0,0,0,0,0,0,0,0,0,0
3215,26493,1,274,30,2,38,1,0,0,0,1,0,1,0,0,0,0,1
3904,32191,0,280,26,5,52,2,0,0,0,0,0,1,0,0,0,0,1
1561,12938,1,311,10,2,16,0,0,0,1,0,0,0,0,0,0,0,0
1720,14201,1,233,10,9,52,1,1,3,1,0,0,0,0,1,0,0,1
586,5300,0,354,6,9,30,2,1,1,1,0,1,0,1,0,1,0,3
1111,9299,1,192,8,1,8,0,0,0,0,0,0,0,0,0,0,0,0
3483,28919,1,90,2,1,2,0,0,0,0,0,0,0,0,0,0,0,0
2480,20408,1,214,8,1,8,0,0,0,0,0,0,0,0,0,0,0,0
3554,29501,1,203,14,2,18,0,1,0,0,1,0,0,0,0,0,0,0
565,5115,1,394,14,8,48,3,1,1,0,1,1,1,0,0,0,0,2
2360,19357,0,219,22,2,26,1,0,0,0,0,0,1,0,0,0,0,1
3747,31127,1,215,32,10,56,4,1,2,0,1,0,0,0,0,0,0,0
2708,22428,0,193,14,3,28,2,0,0,1,0,0,0,3,0,0,0,3
1531,12689,0,310,6,11,68,2,0,3,2,0,0,0,0,0,0,1,0
3649,30302,1,133,8,7,42,0,0,2,1,2,0,0,0,0,1,0,1
2284,18729,1,133,14,2,20,0,1,0,0,0,0,1,0,0,0,0,1
363,3138,1,145,4,2,12,0,0,0,0,0,0,0,0,0,0,0,0
1074,8995,1,238,6,1,6,0,0,0,0,0,0,0,0,0,0,0,0
2465,20262,1,225,8,2,14,1,0,0,0,0,0,0,0,0,0,0,0
168,1392,1,69,2,1,2,0,0,0,0,0,0,0,0,0,0,0,0
320,2846,1,240,12,1,12,0,0,0,0,0,0,0,0,0,0,0,0
331,2924,0,133,16,3,26,0,1,0,1,1,0,0,0,0,0,0,0
186,1531,0,39,10,1,10,0,0,0,0,0,0,0,0,0,0,0,0
2130,17588,1,132,12,1,12,0,0,0,0,0,0,0,0,0,0,0,0
3976,32756,1,42,8,1,8,0,0,0,0,0,0,0,0,0,0,0,0
3002,24858,0,434,24,10,44,2,0,3,3,1,0,1,0,2,0,0,3
3927,32354,1,115,8,1,8,0,0,0,0,0,0,1,0,0,0,0,1
2461,20200,1,418,34,11,64,1,1,2,0,2,0,0,0,0,0,0,0
7,61,1,190,16,1,16,0,0,0,0,0,0,1,0,0,0,0,1
3,46,1,138,22,7,56,2,1,2,0,1,0,1,1,0,0,0,2
708,6177,1,413,30,11,54,2,1,1,0,4,2,1,0,0,0,1,3
430,3819,1,294,16,3,22,1,1,0,0,0,0,1,0,0,0,0,1
239,2096,1,120,14,1,14,0,0,1,0,0,0,0,0,0,0,0,0
3729,30996,1,165,12,1,12,0,0,0,0,0,0,0,0,0,0,0,0
690,6082,0,307,18,4,28,1,0,1,0,1,1,0,0,0,0,0,1
1802,14859,0,254,14,2,20,0,0,0,0,2,0,0,0,0,0,0,0
2059,17036,1,134,12,2,14,1,0,0,0,0,0,0,0,0,0,0,0
2298,18887,1,321,16,7,38,1,2,1,1,0,0,1,0,0,0,0,1
1572,13011,1,330,16,3,22,0,0,1,0,1,0,0,0,0,0,0,0
3594,29823,0,295,12,1,12,0,0,0,0,0,0,0,0,0,0,0,0
1399,11654,1,60,2,2,10,0,0,0,0,0,0,0,0,0,0,0,0
1214,10183,1,99,4,1,4,0,0,0,0,0,0,0,0,0,0,0,0
2456,20159,1,83,10,1,10,0,0,0,0,0,0,0,0,0,0,0,0
1304,10899,1,136,10,3,26,1,0,1,0,0,0,0,0,0,0,0,0
3636,30185,1,171,4,2,6,0,0,0,0,0,0,0,1,0,0,0,1
773,6638,1,91,2,2,8,0,0,0,0,0,0,0,0,0,0,0,0
1240,10365,1,359,12,12,78,2,1,2,1,2,1,2,1,1,1,0,6
3121,25755,1,58,6,2,8,0,0,0,0,0,0,0,0,0,0,0,0
1282,10744,1,72,8,1,8,0,0,0,0,0,0,0,0,0,0,0,0
2641,21926,1,270,8,1,8,0,0,0,0,0,0,0,0,0,0,0,0
3834,31623,0,73,12,1,12,0,0,0,0,0,0,0,0,0,0,0,0
3283,27081,0,75,36,5,64,1,0,2,0,0,0,1,0,0,0,0,1
1427,11878,0,246,10,6,22,1,1,1,1,1,0,0,1,1,0,0,2
1715,14179,1,275,32,4,40,1,0,1,1,0,0,0,0,0,0,0,0
1215,10190,1,138,8,8,38,2,0,2,1,0,0,0,0,0,0,0,0
803,6801,1,131,14,2,22,1,0,1,0,0,0,0,0,0,0,0,0
358,3094,0,230,2,1,2,0,0,0,0,0,0,0,0,0,0,1,0
1705,14063,0,256,12,2,18,1,0,0,0,0,0,0,0,0,0,0,0
457,4114,0,193,16,5,34,0,0,1,0,2,1,1,0,0,0,0,2
3211,26479,0,374,20,6,46,1,2,1,0,1,0,3,0,0,0,0,3
1735,14297,1,269,26,8,52,0,1,2,2,1,0,2,0,0,0,0,2
2662,22069,1,295,14,1,14,0,0,1,0,0,0,2,0,0,0,0,2
2165,17894,1,191,4,2,6,0,0,0,0,0,0,0,0,0,0,0,0
3444,28549,1,148,16,1,16,1,0,0,0,0,0,0,0,0,1,0,1
265,2304,1,107,14,6,36,1,0,2,0,2,0,1,0,0,0,0,1
2765,22872,1,289,16,2,24,0,1,1,0,0,0,0,0,0,0,0,0
3760,31194,1,226,30,11,58,2,2,3,1,0,1,0,1,2,0,0,4
2226,18359,0,203,2,1,2,0,0,0,0,0,2,0,0,0,0,0,2
1086,9132,1,183,6,3,18,0,0,0,0,0,1,0,0,0,0,1,1
1017,8399,1,182,6,1,6,0,0,0,0,0,0,0,0,0,0,0,0
3195,26288,0,399,36,7,74,0,0,2,1,1,0,0,0,0,0,0,0
3073,25440,1,300,8,1,8,0,0,0,0,0,0,0,2,0,0,0,2
1481,12320,1,65,14,1,14,0,0,0,0,0,0,0,0,0,0,0,0
2636,21873,0,84,4,2,6,0,0,0,0,0,0,0,0,0,0,0,0
2097,17319,1,437,2,11,42,2,0,1,0,0,0,1,0,0,0,1,1
2867,23663,0,42,8,1,8,0,0,0,0,0,0,1,0,0,0,0,1
1611,13341,0,224,2,12,62,1,0,3,1,3,0,2,0,1,0,0,3
3836,31653,1,283,12,10,70,2,0,3,0,1,1,1,0,0,0,0,2
229,2020,1,68,16,1,16,0,0,0,0,0,1,0,0,0,0,0,1
3704,30788,0,316,34,7,48,1,0,2,1,0,0,1,0,0,1,0,2
3116,25734,0,146,10,1,10,0,0,0,0,0,2,0,2,0,0,0,4
1971,16346,0,326,14,6,44,0,0,0,0,2,0,1,2,0,0,0,3
2014,16690,1,174,10,1,10,0,0,0,0,0,0,1,0,0,0,1,1
3282,27065,1,193,16,2,20,1,0,1,0,0,0,0,0,0,0,0,0
1053,8722,1,227,26,6,38,1,1,1,0,0,0,3,0,0,0,0,3
921,7666,1,400,14,9,56,1,0,2,2,0,2,2,1,0,0,0,5
417,3706,1,261,22,2,30,0,0,1,0,0,0,1,0,0,0,0,1
3930,32366,1,240,4,2,8,0,0,0,0,0,0,0,0,0,0,0,0
403,3640,1,97,16,2,18,0,0,0,0,1,1,0,0,0,0,0,1
2562,21150,1,254,32,10,88,2,1,4,0,1,0,0,1,0,1,0,2
1311,10935,1,152,12,2,18,0,1,0,0,0,0,0,0,0,0,0,0
3766,31226,0,25,8,1,8,0,0,0,0,0,0,0,0,0,0,0,0
3003,24861,1,241,10,3,24,1,0,0,1,0,1,0,0,0,0,0,1
676,5935,1,93,14,2,16,0,0,1,0,0,1,0,0,0,0,0,1
523,4756,1,291,32,1,32,0,0,0,0,0,0,1,0,0,0,0,1
789,6724,1,314,10,7,42,0,0,3,0,2,0,1,0,0,0,0,1
1138,9595,1,162,12,2,16,1,0,0,0,0,0,0,0,0,0,0,0
1486,12359,0,279,12,1,12,0,0,0,0,0,0,0,0,0,0,0,0
1416,11797,1,302,8,1,8,0,0,0,0,0,0,0,0,0,0,0,0
2049,16937,1,75,12,1,12,0,0,0,0,0,0,0,0,0,0,0,0
2490,20508,0,260,8,8,28,1,0,0,2,3,1,2,0,0,0,0,3
459,4131,0,195,16,2,20,0,0,1,0,1,0,0,0,0,0,0,0
3202,26374,1,328,8,2,14,0,0,0,0,1,0,2,0,0,0,0,2
3181,26219,0,307,24,2,30,2,0,0,0,0,1,0,0,0,0,0,1
636,5729,1,285,4,9,40,1,0,2,0,0,1,0,0,0,0,0,1
3618,30026,0,288,2,5,16,1,0,0,0,0,0,0,0,0,0,0,0
1783,14696,1,312,8,7,30,0,0,3,1,1,0,0,0,0,0,0,0
1049,8673,1,183,12,11,62,3,2,3,1,0,0,1,0,0,0,0,1
3039,25165,1,63,24,2,32,0,1,0,1,0,0,0,1,0,0,0,1
1803,14864,0,281,16,2,22,0,0,0,0,0,0,0,0,0,0,0,0
1723,14213,0,342,16,5,36,3,0,1,0,1,0,0,0,0,0,0,0
2235,18416,1,274,2,2,8,0,0,0,0,0,1,0,0,0,0,1,1
2167,17899,1,92,20,4,32,1,0,1,0,1,0,0,0,0,0,0,0
1862,15365,1,166,10,10,58,2,1,2,2,0,1,1,0,0,0,0,2
3548,29459,1,126,4,2,6,0,0,0,0,0,0,0,0,0,0,0,0
3336,27511,1,277,14,10,72,2,0,5,1,1,0,0,0,0,1,0,1
1890,15633,0,125,4,7,20,0,0,1,2,0,0,0,0,0,0,0,0
947,7817,1,66,2,2,6,0,0,0,0,0,0,0,0,0,0,0,0
415,3695,1,65,16,1,16,0,0,0,0,0,0,1,0,0,0,0,1
2160,17849,0,378,12,11,44,1,1,2,2,2,0,0,0,0,0,0,0
409,3672,1,320,6,3,18,0,1,0,0,0,0,1,0,0,0,0,1
1953,16161,1,233,8,2,14,1,0,0,0,0,0,0,0,0,0,0,0
1804,14867,1,162,36,6,66,1,0,1,1,1,0,0,0,0,0,0,0
2422,19920,1,216,26,2,34,0,0,0,1,0,0,0,0,0,0,0,0
1570,13002,1,222,12,3,24,0,0,1,0,0,0,1,0,0,0,0,1
2338,19220,1,76,10,1,10,0,0,0,0,0,0,0,0,0,0,0,0
3414,28230,0,180,14,1,14,0,0,1,0,0,0,0,0,0,0,1,0
476,4338,0,170,24,2,30,0,0,2,0,0,0,0,1,0,0,0,1
525,4767,1,320,16,2,20,0,0,1,0,0,1,0,0,0,0,0,1
3680,30578,1,348,14,8,58,0,0,5,0,2,0,0,0,0,0,0,0
2433,20024,0,223,4,1,4,0,0,0,0,0,1,0,0,0,0,0,1
1753,14432,0,258,16,2,24,1,0,1,0,0,0,0,0,0,0,0,0
3674,30547,1,108,8,3,26,0,0,1,0,0,0,1,0,0,0,0,1
1614,13355,1,87,8,4,18,0,0,0,1,1,0,0,0,0,0,0,0
38,282,1,285,14,11,52,2,0,3,4,0,1,1,1,0,0,0,3
1571,13004,0,332,28,5,44,2,0,0,1,1,0,1,0,0,2,0,3
2200,18156,0,212,10,1,10,0,0,0,0,0,0,1,0,0,0,0,1
1225,10240,1,216,8,2,16,1,0,0,0,0,0,0,0,0,0,0,0
3040,25183,0,218,14,1,14,0,0,0,0,0,0,0,0,0,0,0,0
806,6828,0,103,14,6,48,2,0,1,1,1,0,1,0,0,0,0,1
641,5765,1,148,4,5,22,0,0,0,0,2,0,0,0,0,0,1,0
1757,14467,1,328,12,10,36,3,2,1,0,1,0,0,0,0,0,0,0
3928,32355,0,122,14,1,14,0,0,1,0,0,0,0,0,0,0,1,0
1977,16383,0,184,14,2,16,1,0,0,1,0,0,2,2,0,0,0,4
3453,28637,1,244,12,1,12,0,0,0,0,0,0,0,0,0,0,0,0
535,4829,1,228,8,10,46,1,0,3,2,0,0,1,2,0,0,0,3
3384,27968,1,54,18,2,22,0,0,1,0,0,0,0,0,0,0,0,0
135,1138,1,51,4,2,12,0,0,0,0,0,0,0,0,0,0,0,0
1630,13543,1,282,10,1,10,0,0,0,0,0,0,0,0,0,0,0,0
880,7331,0,121,8,1,8,0,0,0,0,0,0,0,0,0,0,0,0
2349,19266,1,143,20,2,28,0,0,0,0,1,1,0,0,0,0,0,1
481,4380,0,37,16,2,20,1,0,0,0,1,0,0,0,0,0,0,0
3912,32238,0,326,12,2,20,1,0,0,0,0,0,0,0,0,0,0,0
2921,24110,0,104,12,1,12,0,0,0,0,0,0,0,0,0,0,0,0
2966,24543,1,82,34,3,44,1,0,0,1,0,0,0,0,0,0,0,0
582,5250,1,131,14,4,28,0,0,3,1,0,0,0,0,0,0,0,0
743,6396,1,190,10,1,10,0,0,0,0,0,0,0,0,0,0,0,0
362,3107,1,34,2,1,2,0,0,0,0,0,0,0,0,0,0,0,0
3800,31393,1,306,28,12,82,2,1,2,4,1,1,0,0,0,0,0,1
3978,32805,1,20,16,1,16,0,0,0,1,0,0,0,0,0,0,0,0
1192,9980,1,129,22,1,22,0,0,1,0,0,0,0,0,0,0,0,0
1426,11877,1,80,34,1,34,0,0,0,0,0,0,1,0,0,0,0,1
2913,24020,1,237,34,1,34,0,0,0,0,0,0,0,0,0,0,0,0
579,5235,0,400,6,11,52,1,0,3,2,0,3,0,0,0,0,1,3
3434,28446,1,47,34,1,34,1,0,0,0,0,0,0,1,0,0,0,1
1249,10447,1,226,2,1,2,0,0,0,0,0,0,0,0,0,0,0,0
3200,26348,0,100,24,1,24,0,0,0,0,0,0,0,0,0,0,0,0
3549,29463,1,49,12,1,12,0,0,0,0,0,0,0,0,0,0,1,0
3238,26672,1,265,10,2,16,0,0,0,0,1,1,0,0,0,0,0,1
1876,15485,1,207,10,1,10,0,0,0,0,0,0,0,0,0,0,0,0
1590,13191,1,212,8,7,36,1,0,3,0,1,1,1,0,0,1,0,3
2546,21027,1,90,16,2,20,0,0,0,0,0,0,0,0,0,0,0,0
3845,31724,1,286,10,1,10,0,0,0,0,0,0,1,0,0,0,1,1
764,6588,1,191,14,2,20,1,0,0,0,1,0,0,0,0,0,0,0
120,1048,1,189,12,1,12,0,0,0,0,0,0,0,0,0,0,0,0
2377,19488,0,81,10,2,16,0,1,0,0,0,1,0,0,0,0,0,1
2761,22825,0,268,14,5,36,3,0,1,0,1,0,0,0,0,0,0,0
29,225,1,172,16,1,16,0,0,0,0,1,0,0,0,0,0,0,0
1769,14578,1,338,10,12,54,2,1,5,3,0,0,0,0,0,0,0,0
1114,9357,1,215,10,8,42,0,2,1,1,1,1,1,0,0,0,0,2
936,7745,1,41,18,2,20,0,1,0,0,0,1,0,0,0,0,0,1
86,706,1,128,10,2,16,1,0,0,0,0,0,0,0,0,0,0,0
2474,20353,0,225,2,8,30,2,0,1,0,0,0,0,0,0,0,0,0
3564,29614,0,107,4,2,10,0,0,0,0,0,0,0,1,0,0,0,1
1119,9414,0,116,6,5,28,1,0,0,0,1,0,0,0,0,0,1,0
388,3493,1,198,26,2,30,1,0,0,0,0,1,0,0,0,0,0,1
3828,31565,1,297,16,2,22,0,0,0,1,0,2,0,0,0,0,0,2
3419,28273,0,112,24,2,32,0,0,0,0,0,0,1,0,0,0,0,1
648,5800,1,185,6,2,12,0,0,0,0,0,0,0,0,0,0,0,0
3586,29783,1,258,6,1,6,0,0,0,0,0,0,1,0,0,0,0,1
41,333,1,280,30,2,34,0,1,1,0,0,0,0,1,0,0,0,1
1632,13547,1,226,8,7,34,2,1,1,0,0,1,0,1,0,0,0,2
1901,15725,0,450,16,11,42,2,2,3,3,1,0,1,1,0,1,0,3
2207,18208,1,222,18,2,24,0,0,0,0,0,1,1,0,0,0,0,2
1528,12671,0,351,30,8,60,4,2,1,0,0,0,0,0,0,1,0,1
1331,11064,1,240,16,1,16,1,0,0,0,0,0,0,0,0,0,0,0
2563,21155,1,210,2,2,8,0,0,0,0,0,0,1,0,0,0,0,1
2424,19930,1,47,10,1,10,0,0,0,0,0,2,0,0,0,0,0,2
1648,13667,1,101,16,1,16,0,0,0,0,1,0,0,0,0,0,0,0
205,1785,1,178,30,2,34,0,0,1,0,0,0,1,0,0,0,0,1
2328,19116,0,73,4,2,12,0,0,0,0,0,0,0,0,0,0,0,0
2557,21108,0,403,10,11,34,1,3,4,0,0,0,0,0,0,0,0,0
3955,32612,1,312,6,2,12,0,0,0,0,0,0,0,0,0,0,0,0
2626,21789,1,147,10,2,18,1,0,0,0,0,0,0,0,0,0,0,0
375,3293,0,74,4,2,6,0,0,0,0,0,0,0,0,0,0,0,0
3948,32559,1,94,6,2,10,0,0,0,0,0,0,0,0,0,0,0,0
1233,10293,1,46,8,1,8,0,0,0,0,0,0,0,0,0,0,0,0
378,3329,1,54,8,1,8,0,0,0,0,0,0,0,0,0,0,0,0
1489,12366,1,270,16,4,36,2,1,1,0,0,0,0,0,0,0,0,0
382,3369,0,249,14,8,40,1,1,3,0,0,1,2,1,0,0,0,4
802,6794,1,192,12,1,12,0,0,0,0,0,0,0,0,0,0,0,0
2896,23883,0,309,12,8,36,0,3,2,0,0,0,0,0,0,0,0,0
1383,11551,1,81,4,2,10,0,0,0,0,0,0,0,0,0,0,1,0
2790,23090,1,215,8,1,8,0,0,0,0,0,0,0,0,0,0,0,0
2075,17173,1,250,22,6,48,0,0,2,0,1,0,0,0,0,0,0,0
3693,30669,1,212,4,1,4,0,0,0,0,0,0,0,0,0,0,0,0
2933,24222,1,172,16,2,20,0,0,0,1,0,0,0,0,0,0,0,0
2321,19039,1,241,18,1,18,0,0,0,0,0,0,0,0,0,0,0,0
513,4680,1,187,14,8,38,2,1,1,1,1,1,1,0,0,0,0,2
1288,10800,1,262,28,10,80,3,0,2,3,0,1,1,1,0,1,0,4
3670,30517,0,33,12,1,12,0,0,0,0,0,0,0,0,0,0,1,0
2792,23105,0,81,12,1,12,0,0,0,0,0,1,0,0,0,0,0,1
3374,27871,0,101,8,4,22,0,1,1,0,1,1,0,0,0,0,0,1
2236,18418,1,273,16,12,84,1,2,7,0,0,1,0,0,0,0,0,1
1242,10372,1,154,16,8,36,3,2,0,0,1,2,0,0,0,0,0,2
2431,20009,1,179,6,1,6,0,0,0,0,0,0,0,1,0,0,0,1
425,3747,1,94,8,3,26,0,0,0,0,0,0,1,0,0,0,0,1
111,950,1,75,14,1,14,0,1,0,0,0,0,0,0,0,0,0,0
665,5902,1,351,10,9,62,2,1,2,1,0,2,0,1,0,2,1,5
1980,16406,1,287,20,2,26,2,0,0,0,0,0,0,0,0,0,0,0
3409,28202,1,415,4,10,24,2,1,0,1,0,0,0,0,0,0,0,0
703,6140,1,66,32,1,32,1,0,0,0,0,0,0,0,0,0,0,0
3177,26204,1,199,4,9,42,1,1,2,3,0,0,0,0,0,0,0,0
647,5795,0,54,20,1,20,0,0,0,0,1,0,0,0,0,0,0,0
1966,16304,0,232,10,1,10,0,0,0,0,0,0,0,0,0,0,0,0
411,3681,0,354,26,7,42,1,2,2,0,0,0,2,1,0,0,0,3
3042,25193,1,217,6,1,6,0,0,0,0,0,0,0,0,0,0,0,0
1218,10207,1,276,32,7,64,1,0,5,0,1,0,0,1,0,0,0,1
1145,9650,1,50,8,2,12,0,0,0,0,0,0,0,0,0,0,0,0
1439,11967,0,165,14,2,16,1,0,0,1,0,0,0,0,0,0,0,0
1525,12653,1,323,10,7,46,1,1,1,1,1,0,1,0,0,0,1,1
800,6778,1,235,12,8,40,2,0,1,0,2,2,0,0,1,1,0,4
3808,31446,1,160,12,1,12,0,0,0,0,0,0,1,0,0,0,0,1
520,4748,1,187,2,8,44,3,1,2,1,0,0,0,1,0,0,0,1
1999,16557,1,297,10,8,44,2,0,1,0,0,0,0,0,0,0,0,0
2365,19400,1,150,18,7,32,2,1,1,0,0,0,0,0,0,0,0,0
1306,10915,1,52,8,2,10,0,0,0,0,0,0,0,0,0,0,0,0
3880,32007,0,140,8,7,22,2,0,1,0,0,0,1,0,0,0,1,1
2757,22788,1,32,16,1,16,0,0,1,0,0,1,0,0,0,0,0,1
1519,12603,1,291,4,2,10,0,0,0,0,0,0,1,0,0,0,0,1
3724,30973,0,283,14,4,22,1,0,2,0,0,0,1,0,0,0,0,1
219,1858,1,220,16,3,24,1,0,2,0,0,0,0,1,0,0,0,1
1056,8738,1,128,2,2,6,0,0,0,0,0,0,0,0,0,0,0,0
1205,10064,1,79,30,2,34,0,0,1,0,0,0,1,0,0,0,0,1
3028,25066,0,102,26,1,26,0,1,0,0,0,0,0,0,0,0,0,0
2415,19851,1,96,22,1,22,0,0,0,0,0,0,0,0,0,0,0,0
3590,29804,1,245,30,10,58,1,3,3,0,0,0,0,0,0,0,0,0
31,257,1,194,28,2,30,1,0,1,0,0,0,0,1,0,0,0,1
1309,10928,1,95,32,2,40,0,0,0,1,0,1,0,0,0,1,0,2
3865,31904,0,290,16,1,16,0,0,0,0,1,0,0,0,0,0,1,0
768,6605,1,191,16,4,24,0,0,2,2,0,0,0,0,0,0,0,0
3320,27377,0,281,6,2,14,1,0,0,0,0,0,0,0,0,0,0,0
900,7493,0,244,14,10,58,1,2,6,0,0,0,1,0,0,0,0,1
2399,19646,0,179,10,1,10,0,0,0,0,0,2,0,0,0,0,1,2
2675,22153,1,398,4,9,44,1,0,0,0,0,0,0,0,0,1,0,1
833,6978,1,149,14,3,24,0,0,1,1,0,0,1,0,0,0,0,1
2077,17188,0,52,24,2,28,1,0,1,0,0,0,0,0,0,0,0,0
2090,17285,1,146,6,5,30,0,0,2,0,0,0,0,0,0,0,0,0
1216,10191,1,227,20,2,26,0,0,0,0,0,0,2,0,0,0,0,2
83,650,1,195,12,2,16,0,0,0,0,1,0,0,0,0,0,0,0
3199,26347,0,209,12,8,34,1,0,2,0,1,0,1,1,0,0,0,2
486,4398,1,294,12,12,70,2,3,2,0,1,1,2,1,0,0,1,4
3381,27943,0,174,16,9,60,3,1,1,3,0,0,0,0,0,1,0,1
1425,11870,0,267,8,10,60,2,0,1,1,1,1,1,0,1,0,1,3
2368,19418,1,187,12,1,12,0,0,0,0,0,1,1,0,0,0,0,2
3782,31295,1,171,16,1,16,1,0,0,0,0,0,0,0,0,0,0,0
1005,8294,1,303,12,2,20,1,0,0,0,0,0,0,0,0,0,0,0
1059,8784,0,30,12,2,14,0,1,0,0,0,0,0,0,0,0,0,0
3776,31276,1,287,6,1,6,0,0,0,0,0,0,0,0,0,0,0,0
909,7583,1,77,10,2,14,1,0,0,0,0,0,0,0,0,0,0,0
1453,12042,1,152,16,2,22,1,0,1,0,0,0,0,0,0,0,0,0
2712,22460,1,245,28,10,54,4,0,3,0,2,0,0,0,0,0,0,0
2327,19097,1,262,32,12,90,1,1,1,4,2,0,0,0,1,0,0,1
3082,25495,1,292,2,2,6,0,0,0,0,0,1,0,0,0,0,0,1
2099,17331,0,279,16,8,42,3,0,3,0,2,0,0,0,0,0,0,0
1308,10919,0,310,16,2,18,0,0,1,0,0,0,1,0,0,0,0,1
2538,20958,1,157,14,6,42,3,1,0,1,1,0,0,0,0,0,1,0
3877,31980,1,269,12,1,12,0,0,0,0,0,0,0,0,0,0,0,0
2369,19428,0,163,24,1,24,0,0,0,0,0,1,0,0,0,0,0,1
532,4818,1,221,22,2,24,1,0,0,0,0,0,1,0,0,0,0,1
1169,9810,0,131,12,1,12,0,0,0,0,0,0,0,0,0,0,0,0
3050,25295,0,299,2,1,2,0,0,0,0,0,0,1,0,0,0,1,1
1577,13090,1,108,6,5,34,0,2,0,0,1,0,0,0,0,0,0,0
1246,10414,1,268,12,2,16,1,0,0,0,0,0,0,0,0,0,0,0
1327,11045,1,24,14,1,14,0,0,1,0,0,0,0,0,0,0,0,0
1353,11294,1,116,20,5,46,0,1,2,0,1,1,0,1,0,0,0,2
2131,17601,1,106,26,1,26,0,1,0,0,0,1,1,0,0,0,0,2
343,3024,1,248,16,7,44,1,1,3,0,0,1,1,1,0,0,0,3
879,7329,0,292,16,2,22,0,0,2,0,0,0,0,0,0,0,0,0
669,5911,0,215,16,1,16,0,0,1,0,0,0,0,0,0,0,0,0
387,3471,1,329,12,2,14,0,0,1,0,0,0,0,0,0,0,0,0
3610,29961,1,103,2,1,2,0,0,0,0,0,0,0,0,0,0,0,0
2779,23011,1,113,8,1,8,0,0,0,0,0,0,0,0,0,0,0,0
3954,32606,0,169,14,8,56,2,1,3,1,1,0,0,0,0,1,0,1
2967,24546,1,50,26,1,26,0,0,1,0,0,2,0,0,0,0,0,2
1546,12800,0,335,20,8,56,1,1,3,1,0,0,1,1,0,0,1,2
1751,14415,1,123,12,7,26,0,1,1,2,0,0,0,0,0,0,0,0
1928,15973,1,91,16,2,24,0,1,0,0,1,0,0,0,0,0,0,0
2172,17936,1,281,12,2,14,1,0,0,0,0,0,1,1,0,0,0,2
874,7299,1,115,14,1,14,0,1,0,0,0,0,0,0,0,0,0,0
414,3693,1,40,10,2,16,0,0,1,0,0,0,0,0,0,0,0,0
3665,30489,1,142,22,2,28,0,0,1,0,0,0,0,0,0,0,0,0
1954,16173,0,426,6,9,34,0,0,2,1,0,0,2,0,0,0,0,2
1627,13490,0,249,10,1,10,0,0,0,0,0,0,1,0,0,0,0,1
2414,19834,0,130,10,3,24,0,0,1,0,0,2,0,1,0,0,0,3
2037,16846,1,417,14,12,74,4,1,3,1,1,0,2,0,2,0,0,4
1576,13039,0,166,14,2,16,0,1,0,0,0,0,0,0,0,0,0,0
1842,15173,0,137,8,1,8,0,0,0,0,0,0,0,0,0,0,0,0
402,3628,1,157,2,2,10,0,0,0,0,0,0,0,0,0,0,0,0
527,4777,0,305,14,5,28,0,0,4,0,0,0,1,0,0,0,0,1
2449,20095,1,372,16,12,86,0,0,2,2,2,0,1,1,0,0,0,2
594,5376,0,190,8,1,8,0,0,0,0,0,0,0,0,0,0,0,0
341,3014,0,369,16,6,40,1,0,3,0,1,0,1,1,1,0,1,3
1297,10844,0,72,8,4,20,0,1,1,0,1,0,0,0,0,0,0,0
2069,17123,1,330,12,10,58,2,0,2,2,0,0,0,0,0,0,1,0
597,5394,1,121,16,2,20,0,0,0,1,1,0,0,0,0,0,0,0
3905,32192,1,286,28,9,62,3,0,2,0,1,0,1,1,0,0,0,2
1441,11980,1,319,10,10,70,1,1,0,2,1,1,3,0,0,0,0,4
2370,19431,0,74,14,1,14,0,0,1,0,0,1,0,2,0,0,0,3
2688,22294,0,107,16,2,22,0,0,0,1,0,0,0,0,0,0,0,0
2219,18303,1,271,2,2,4,0,0,0,0,0,0,0,0,0,0,0,0
2514,20716,1,420,16,12,40,4,2,1,1,0,0,6,0,0,0,0,6
1292,10820,1,81,12,2,20,1,0,0,0,0,0,0,0,0,0,0,0
237,2079,0,374,36,11,66,3,1,2,1,2,0,2,0,0,0,0,2
28,224,1,33,12,1,12,0,0,0,0,0,0,0,0,0,0,0,0
987,8106,1,314,10,1,10,0,0,0,0,0,0,0,0,0,0,0,0
1634,13567,0,400,36,11,60,5,0,3,0,2,0,0,0,0,0,0,0
2872,23681,1,190,16,2,18,0,0,2,0,0,1,2,0,0,0,0,3
1302,10877,1,220,34,2,42,1,0,0,0,1,0,0,0,0,0,0,0
449,4027,1,227,12,6,36,1,0,1,0,1,1,1,0,0,0,0,2
3735,31048,0,102,10,1,10,0,0,0,0,0,0,0,0,0,0,0,0
1301,10869,0,273,2,4,12,0,0,0,0,0,0,0,0,0,0,0,0
3299,27225,1,170,14,10,50,2,0,2,2,1,0,0,0,0,0,0,0
968,7971,1,182,16,5,42,2,0,0,0,1,1,1,0,0,0,0,2
657,5856,0,295,30,2,34,0,0,0,0,2,0,0,0,0,0,0,0
3914,32248,1,368,4,10,50,0,3,0,1,2,0,0,0,0,0,0,0
1104,9254,0,245,14,2,20,0,0,0,1,0,0,0,0,0,0,0,0
2609,21633,1,226,12,2,16,1,0,0,0,0,1,0,0,0,0,1,1
394,3554,0,232,8,1,8,0,0,0,0,0,0,0,0,0,0,0,0
3458,28720,1,180,16,2,24,0,0,1,0,0,3,0,0,0,0,1,3
508,4596,1,231,26,1,26,0,0,1,0,0,0,0,0,0,0,0,0
3507,29114,0,404,16,12,54,1,1,1,5,0,0,2,0,0,0,0,2
182,1521,1,164,2,3,16,1,0,0,0,0,0,0,0,0,0,1,0
2858,23616,1,193,10,8,48,2,1,1,2,1,2,0,0,0,0,0,2
539,4873,1,202,4,9,48,2,0,1,2,0,1,2,0,0,0,0,3
3592,29817,1,272,12,4,36,1,0,0,0,1,0,0,0,0,0,0,0
1689,13936,1,317,4,10,48,1,0,2,3,0,0,0,0,0,0,1,0
1891,15640,1,163,6,2,14,0,0,1,0,0,0,0,0,0,0,0,0
1164,9771,1,174,20,2,24,1,0,0,0,1,0,0,0,0,0,0,0
3506,29103,0,248,10,4,26,1,0,1,0,0,0,0,0,0,0,0,0
3784,31304,0,171,4,2,8,0,0,0,0,0,0,0,0,0,0,1,0
488,4421,0,248,6,2,10,0,0,0,0,0,0,0,0,0,0,1,0
3864,31896,1,184,16,10,70,0,3,2,0,1,0,0,0,0,0,1,0
2224,18340,0,299,4,1,4,0,0,0,0,0,0,0,0,0,0,0,0
2312,18989,1,257,10,2,14,0,0,1,0,0,0,0,1,0,0,0,1
3624,30053,1,229,2,2,8,0,0,0,0,0,1,0,0,0,0,0,1
2999,24833,1,134,12,5,36,1,1,1,0,0,1,0,0,0,0,0,1
62,480,1,118,8,2,10,0,0,0,0,0,0,0,0,0,0,0,0
3855,31815,1,402,6,10,34,2,0,2,0,0,1,1,0,0,0,0,2
223,1923,0,60,14,4,32,1,1,2,0,0,0,0,1,0,0,0,1
1910,15809,1,306,16,7,34,2,1,1,0,0,0,0,0,0,0,0,0
704,6153,1,301,16,1,16,0,0,1,0,0,0,0,0,0,0,0,0
1618,13397,0,100,16,1,16,1,0,0,0,0,0,0,0,0,0,0,0
1407,11726,0,265,2,2,10,0,0,0,0,0,0,0,0,0,0,0,0
3517,29167,1,209,12,7,28,1,0,3,2,0,0,0,0,0,0,0,0
3398,28113,1,190,2,1,2,0,0,0,0,0,0,0,0,0,0,0,0
218,1846,0,200,8,3,24,0,1,0,0,0,0,1,0,0,0,0,1
1376,11495,1,240,10,1,10,0,0,0,0,0,0,0,0,0,0,0,0
3770,31249,1,164,32,4,52,0,0,1,1,0,0,0,0,0,0,0,0
181,1518,0,327,16,2,24,0,0,0,1,0,0,1,0,0,0,0,1
1752,14431,1,312,30,2,38,1,0,1,0,0,0,0,1,0,0,0,1
2341,19237,1,187,14,2,18,0,1,1,0,0,0,1,0,0,0,0,1
811,6856,0,75,14,4,38,2,0,1,0,0,1,0,0,0,0,0,1
2326,19089,0,327,16,2,20,0,1,1,0,0,0,1,1,0,0,1,2
3310,27289,1,348,14,10,60,1,0,4,3,0,2,0,0,0,1,0,3
2812,23294,1,86,16,4,36,1,2,0,1,0,0,0,0,0,0,0,0
3654,30353,0,44,10,1,10,0,0,0,0,0,0,0,1,0,0,0,1
501,4558,1,55,14,2,18,0,0,1,1,0,0,0,0,0,0,0,0
323,2859,0,285,10,1,10,0,0,0,0,0,0,0,0,0,0,0,0
369,3233,1,206,16,2,24,0,0,0,0,0,1,1,0,0,0,0,2
2021,16708,1,61,16,2,20,1,0,0,0,0,1,1,0,0,0,0,2
3132,25875,1,145,12,2,16,0,0,0,0,1,1,0,0,0,0,0,1
2855,23600,0,155,22,9,60,2,0,1,1,1,0,0,0,0,0,0,0
1030,8524,1,355,14,8,30,2,0,4,0,1,1,0,0,0,0,0,1
1454,12064,1,183,8,2,14,0,0,0,1,0,0,0,0,0,0,0,0
3109,25680,1,79,16,5,44,2,1,1,0,1,0,0,1,0,0,0,1
3044,25243,1,158,4,1,4,0,0,0,0,0,0,0,0,0,0,0,0
1213,10182,0,223,12,11,72,1,1,2,2,1,2,1,0,0,0,0,3
3685,30603,0,66,2,2,8,0,0,0,0,0,2,0,0,0,0,0,2
3888,32073,1,151,18,5,28,1,0,3,1,0,1,0,0,0,0,0,1
2333,19171,1,187,12,1,12,0,0,0,0,0,0,1,0,0,0,0,1
1929,15974,0,152,26,2,30,1,0,1,0,0,1,0,0,0,0,0,1
1909,15803,1,285,28,1,28,0,0,0,0,0,0,0,0,0,0,0,0
1315,10955,0,293,10,1,10,0,0,0,0,0,0,0,0,0,0,0,0
2089,17281,1,418,10,8,36,2,1,0,2,0,0,0,0,0,0,1,0
2047,16914,0,263,6,2,8,0,0,0,0,0,0,1,0,0,0,0,1
1446,12008,1,131,12,5,38,1,0,2,0,0,1,0,0,0,0,0,1
1501,12478,1,269,10,1,10,0,0,0,0,0,0,2,0,0,0,0,2
840,7038,1,154,14,1,14,1,0,0,0,0,0,0,0,0,0,0,0
1243,10386,1,195,10,1,10,0,0,0,0,0,0,0,0,0,0,0,0
3010,24892,1,456,8,11,46,1,0,5,0,1,0,0,0,0,0,0,0
1798,14836,1,28,16,1,16,1,0,0,0,0,0,0,0,0,0,0,0
2542,20984,1,222,6,6,36,0,0,2,0,0,0,1,0,0,0,0,1
1545,12795,0,54,16,2,18,0,0,1,0,1,0,0,0,0,0,0,0
1936,16036,0,239,4,5,16,0,0,0,1,1,0,0,0,0,0,0,0
1988,16478,1,198,14,2,22,0,0,0,0,1,0,0,0,0,0,0,0
1777,14631,1,81,2,5,16,0,0,1,0,0,0,0,0,0,0,0,0
321,2847,1,218,24,2,30,1,0,1,0,0,0,0,0,0,0,0,0
1042,8590,1,100,14,2,22,1,0,0,0,0,0,0,0,0,0,0,0
1845,15195,1,156,12,2,20,0,1,0,0,0,0,1,2,0,0,0,3
1727,14247,0,314,2,2,10,0,0,0,0,0,0,1,0,0,0,0,1
2535,20907,1,222,14,2,18,1,0,0,1,0,0,1,0,0,0,0,1
2789,23086,1,228,16,2,22,0,0,0,2,0,0,0,0,0,0,0,0
1371,11461,1,41,2,2,10,0,0,0,0,0,0,0,0,0,0,0,0
2359,19348,0,289,6,12,38,4,1,0,0,1,0,0,0,1,1,1,2
1122,9461,1,241,10,1,10,0,0,0,0,0,0,0,0,0,0,0,0
337,2990,1,246,34,2,40,0,0,0,0,0,0,2,0,0,0,0,2
140,1160,1,64,32,1,32,0,0,0,0,0,0,1,0,0,0,0,1
3870,31924,0,201,4,2,10,0,0,0,0,0,0,0,0,0,0,0,0
1872,15439,1,291,16,8,52,2,0,0,2,1,0,1,0,0,0,0,1
3111,25693,0,119,16,1,16,0,0,0,1,0,0,0,0,0,0,0,0
3236,26648,0,308,2,1,2,0,0,0,0,0,0,0,0,0,0,0,0
3779,31284,1,133,4,6,38,0,0,0,2,1,0,0,0,0,0,0,0
282,2475,0,77,8,1,8,0,0,0,0,0,0,0,0,0,0,0,0
986,8099,0,272,10,9,60,1,2,2,0,0,0,3,0,0,0,0,3
1477,12271,0,160,4,3,10,0,0,0,0,0,0,0,0,0,0,0,0
2767,22881,1,268,24,12,66,1,2,2,3,1,0,0,0,0,0,1,0
1816,14978,1,267,6,1,6,0,0,0,0,0,0,0,0,0,0,0,0
1065,8907,1,294,6,2,10,0,0,0,0,0,0,0,0,0,0,0,0
3285,27101,0,180,22,9,42,4,1,1,0,2,0,0,0,0,0,0,0
1014,8373,1,275,16,2,24,0,0,0,0,0,1,1,0,0,0,0,2
2082,17210,1,93,16,2,20,0,0,0,2,0,0,0,0,0,0,0,0
2439,20048,0,161,22,2,28,2,0,0,0,0,0,0,0,0,0,0,0
2793,23110,1,291,18,3,28,1,1,0,1,0,0,1,0,0,0,0,1
1414,11753,1,152,14,6,36,2,0,0,2,0,0,2,0,0,0,0,2
2257,18577,0,293,34,2,38,0,1,1,0,0,0,0,0,0,0,0,0
945,7806,1,214,6,3,20,0,0,1,0,0,0,0,0,0,0,0,0
2808,23280,1,460,14,12,84,1,5,3,1,1,0,1,0,0,0,0,1
2585,21372,1,247,24,1,24,1,0,0,0,0,0,0,0,0,0,0,0
1474,12258,1,171,16,2,18,1,0,0,0,1,0,0,0,0,0,0,0
2883,23771,1,200,10,2,12,0,0,0,0,0,0,0,0,0,0,0,0
2243,18458,1,120,6,1,6,0,0,0,0,0,0,1,1,0,0,0,2
412,3684,1,144,6,8,38,0,0,2,1,1,1,1,1,1,1,0,5
381,3367,1,99,4,1,4,0,0,0,0,0,0,0,0,0,0,0,0
1855,15293,1,90,6,2,12,0,0,0,0,0,1,0,0,0,0,1,1
2420,19892,1,250,8,7,24,1,0,1,3,0,0,0,0,0,0,0,0
966,7958,0,271,2,6,34,1,0,1,1,1,0,0,0,0,0,0,0
2494,20566,0,234,16,1,16,0,0,0,0,0,1,0,0,0,0,0,1
1286,10783,0,86,2,1,2,0,0,0,0,0,0,0,0,0,0,0,0
913,7612,0,277,14,1,14,0,0,0,0,1,0,0,0,0,0,0,0
2713,22465,0,185,6,6,18,0,1,0,2,0,0,2,0,0,0,0,2
1706,14067,0,159,2,6,18,1,0,0,1,1,0,0,0,0,0,0,0
685,6044,0,340,14,10,70,2,2,1,1,1,1,2,0,0,0,0,3
553,5037,1,281,12,2,18,1,0,0,0,0,0,0,0,0,0,0,0
3399,28118,1,273,14,2,16,2,0,0,0,0,0,0,0,0,0,0,0
2472,20334,1,198,14,1,14,1,0,0,0,0,0,0,0,0,0,0,0
2194,18112,1,181,8,2,14,0,1,0,0,0,0,0,0,0,0,0,0
1716,14185,1,96,10,4,24,1,0,1,0,1,1,0,0,0,0,0,1
1840,15164,0,69,16,2,20,1,0,0,0,0,0,0,0,0,0,0,0
2861,23627,1,254,6,7,42,0,0,2,0,0,1,0,0,0,0,0,1
398,3606,1,174,14,2,16,0,0,1,0,1,0,0,0,0,0,0,0
1170,9814,0,102,6,1,6,0,0,0,0,0,0,0,0,0,0,1,0
2829,23411,1,370,14,12,42,2,1,1,3,3,1,1,0,2,0,0,4
1836,15148,1,261,6,2,10,0,0,0,0,0,0,0,0,0,0,0,0
1887,15582,0,261,16,2,22,1,0,0,0,0,1,0,0,0,0,0,1
1445,12006,1,132,34,5,62,2,0,3,0,0,0,0,0,0,0,0,0
3938,32432,1,335,30,4,50,1,0,2,0,0,1,1,0,0,0,0,2
2186,18064,1,442,14,10,40,0,3,3,1,0,0,1,0,0,0,0,1
3436,28491,1,409,12,10,42,1,1,2,1,3,1,1,0,0,0,0,2
3225,26557,0,128,10,1,10,0,0,0,0,0,0,0,0,0,0,0,0
1861,15355,0,174,4,7,32,0,2,1,0,2,1,1,0,0,0,0,2
2271,18658,1,147,10,8,32,2,0,2,0,0,0,0,0,0,0,0,0
2776,22979,1,192,14,5,28,2,0,1,1,0,0,0,0,0,0,0,0
3145,25947,1,260,14,2,20,1,0,1,0,0,0,0,0,0,0,0,0
131,1119,1,285,22,1,22,0,0,1,0,0,0,0,0,0,0,0,0
1622,13428,0,110,8,2,14,0,0,1,0,0,0,0,0,0,0,1,0
3497,29012,1,351,2,12,60,4,0,0,3,0,2,0,0,0,1,0,3
2202,18168,1,200,4,2,12,0,0,0,0,0,0,0,0,0,0,0,0
1444,12000,0,270,4,1,4,0,0,0,0,0,0,0,0,0,0,0,0
3212,26482,0,350,4,5,24,1,0,0,0,0,0,0,0,0,0,0,0
2273,18660,1,298,32,2,34,0,1,0,0,0,0,1,0,0,0,1,1
533,4820,0,444,16,10,38,3,2,3,0,1,0,1,0,0,0,0,1
695,6101,1,292,4,5,28,1,0,2,0,0,0,1,1,0,0,0,2
1718,14195,1,217,18,10,74,4,3,1,0,0,0,0,0,0,0,0,0
1252,10459,0,323,16,6,44,0,1,1,0,2,2,0,0,0,0,0,2
2025,16747,1,383,12,7,42,1,1,3,0,0,0,1,1,0,0,0,2
11,95,1,275,2,4,20,0,0,1,0,0,0,0,0,0,0,0,0
1134,9565,1,258,6,2,10,0,0,0,0,0,0,0,0,0,0,0,0
2046,16911,1,88,10,5,26,1,0,2,0,0,0,0,0,0,0,0,0
3716,30899,1,233,12,1,12,0,0,0,0,0,2,0,0,0,0,0,2
1950,16128,1,271,14,2,16,1,0,0,0,0,2,0,0,0,0,0,2
915,7615,1,302,12,11,72,1,1,2,3,1,1,1,1,0,0,0,3
1922,15915,1,222,8,2,12,0,0,0,0,0,1,1,0,0,0,0,2
405,3662,0,243,10,12,48,1,2,3,1,1,1,1,0,0,0,1,2
1253,10477,1,133,6,2,12,0,0,0,0,0,0,0,0,0,0,0,0
1343,11150,1,37,28,2,32,0,0,0,0,1,1,0,0,0,0,0,1
2030,16801,1,20,30,1,30,0,0,0,1,0,0,0,1,0,1,0,2
2951,24402,1,65,10,1,10,0,0,0,0,0,0,0,0,0,0,0,0
2718,22521,0,288,16,1,16,0,0,1,0,0,0,0,0,0,0,0,0
2801,23211,0,112,8,1,8,0,0,0,0,0,0,0,0,0,0,0,0
3183,26227,0,195,28,1,28,1,0,0,0,0,0,2,0,0,0,0,2
554,5041,0,218,6,1,6,0,0,0,0,0,0,0,0,0,0,0,0
2722,22563,1,26,12,1,12,0,0,0,0,0,1,0,0,0,0,0,1
2268,18644,1,27,30,1,30,0,0,0,1,0,0,0,0,0,0,0,0
174,1474,0,86,14,5,40,1,0,0,0,2,2,0,0,0,0,1,2
536,4840,1,285,14,2,16,0,0,0,1,1,0,0,0,0,0,0,0
270,2342,1,192,34,6,52,0,0,3,2,0,1,0,0,0,0,0,1
2283,18712,0,367,26,7,50,0,0,4,1,1,0,3,0,0,0,0,3
3600,29879,1,278,28,12,86,3,0,4,2,1,0,1,0,0,0,0,1
2446,20074,1,211,14,7,38,2,0,1,1,0,0,0,0,0,0,0,0
3764,31215,0,222,14,7,40,0,1,1,3,0,0,0,0,0,0,1,0
1690,13949,1,209,12,2,18,0,1,0,0,0,0,0,0,0,0,1,0
1512,12565,0,286,4,1,4,0,0,0,0,0,0,0,0,0,0,0,0
980,8048,1,120,2,3,20,1,0,0,0,0,0,0,0,0,0,0,0
318,2829,1,305,14,8,56,0,1,4,2,0,0,1,0,0,0,0,1
3289,27129,1,371,10,10,34,1,2,1,1,1,0,0,0,0,0,0,0
436,3887,1,419,10,11,70,3,0,2,0,2,1,2,0,0,0,0,3
2586,21375,1,60,14,2,18,0,0,0,0,0,0,0,0,0,0,0,0
848,7090,1,403,24,9,64,2,1,2,1,1,1,1,0,0,0,0,2
871,7265,1,431,8,10,60,2,1,3,0,0,0,1,0,0,0,0,1
1413,11750,1,343,10,11,58,3,2,2,0,1,0,2,0,0,0,0,2
84,658,1,101,16,2,22,0,0,2,0,0,0,0,0,0,0,0,0
982,8076,1,36,8,2,14,0,0,1,0,0,0,0,0,0,0,0,0
324,2873,1,317,14,9,64,1,3,1,2,0,1,1,0,0,0,0,2
910,7586,1,100,4,1,4,0,0,0,0,0,0,0,0,0,0,0,0
389,3504,1,252,14,1,14,0,0,0,1,0,0,0,0,0,0,0,0
8,79,1,187,14,1,14,1,0,0,0,0,0,0,0,0,0,0,0
2464,20242,1,202,8,1,8,0,0,0,0,0,0,1,0,0,0,1,1
1964,16273,1,221,30,10,70,1,2,3,1,0,1,0,0,0,0,1,1
1697,14010,1,233,32,1,32,0,0,0,0,0,0,0,0,0,0,0,0
3863,31887,1,195,4,2,8,0,0,0,0,0,1,0,0,0,0,1,1
1564,12957,1,123,12,8,52,0,0,2,1,1,0,0,0,0,0,0,0
3179,26208,0,116,10,2,18,0,0,0,0,0,0,0,0,0,0,0,0
2083,17217,1,303,12,2,18,1,0,0,0,0,0,0,0,0,0,0,0
2652,21984,1,35,12,1,12,0,0,0,0,0,0,0,0,0,0,0,0
1096,9203,1,53,6,1,6,0,0,0,0,0,0,0,0,0,0,0,0
3461,28738,1,248,12,1,12,0,0,0,0,0,0,0,0,0,0,0,0
1447,12011,1,274,20,7,52,3,0,1,2,1,0,0,0,0,0,0,0
3452,28630,1,285,8,1,8,0,0,0,0,0,1,0,0,0,0,0,1
2909,23990,1,257,32,2,38,1,0,0,1,0,0,0,0,0,0,0,0
1900,15724,1,230,16,1,16,1,0,0,0,0,1,1,1,0,0,0,3
920,7662,0,305,2,2,10,0,0,0,0,0,0,0,0,0,0,0,0
899,7483,1,251,14,2,20,0,2,0,0,0,0,0,0,0,0,0,0
3775,31270,1,292,14,12,76,2,2,3,1,0,0,0,0,0,0,0,0
92,759,0,208,4,1,4,0,0,0,0,0,0,0,0,0,0,0,0
3637,30192,1,152,2,2,8,0,0,0,0,0,1,0,0,0,0,0,1
522,4755,0,78,32,2,34,0,0,0,0,0,0,2,0,0,0,0,2
566,5119,1,47,10,2,12,0,0,0,0,0,0,0,0,0,0,0,0
675,5931,1,32,16,1,16,0,1,0,0,0,0,0,0,0,0,0,0
2703,22403,1,60,12,2,20,1,0,0,0,0,0,0,0,0,0,1,0
1828,15063,0,155,28,1,28,0,0,0,1,0,0,1,0,0,0,0,1
2136,17660,1,325,14,11,74,5,0,2,2,0,0,0,0,0,0,0,0
314,2798,1,258,14,2,18,1,0,0,0,1,0,0,0,0,0,0,0
1268,10653,1,152,16,1,16,0,0,0,0,0,0,1,0,0,0,0,1
3588,29797,1,69,16,2,24,0,0,1,1,0,0,0,0,0,0,0,0
121,1054,0,74,32,2,36,0,0,1,0,0,0,1,0,0,0,0,1
3508,29125,1,308,12,1,12,0,0,0,0,0,0,0,1,0,0,0,1
1141,9633,1,217,14,4,28,1,1,1,0,0,1,0,0,0,0,0,1
546,4986,1,222,14,3,24,0,2,1,0,0,0,0,1,0,0,0,1
3156,26049,1,107,16,1,16,0,0,0,1,0,1,0,0,0,0,0,1
1516,12582,1,102,16,1,16,0,0,0,1,0,0,0,0,0,0,0,0
1275,10698,0,296,14,1,14,0,0,0,0,0,0,0,0,0,0,0,0
2018,16696,0,166,2,4,24,0,0,0,0,0,1,1,0,0,0,0,2
992,8167,1,69,20,1,20,0,0,1,0,0,0,0,0,0,0,0,0
847,7079,1,345,20,11,84,1,0,1,0,2,3,4,0,0,0,1,7
3438,28494,1,91,8,1,8,0,0,0,0,0,0,0,0,0,0,0,0
286,2508,1,188,36,6,62,2,0,2,0,0,1,1,0,0,0,0,2
863,7207,0,140,22,2,28,0,0,1,0,1,0,0,0,0,0,0,0
1450,12020,1,218,2,11,26,2,1,1,1,0,0,0,0,0,0,0,0
230,2046,1,88,16,1,16,0,0,0,1,0,0,0,0,0,0,0,0
783,6701,1,195,2,2,6,0,0,0,0,0,0,0,0,0,0,0,0
372,3251,0,173,14,2,20,0,0,0,1,1,0,0,0,0,0,0,0
371,3244,1,345,6,5,20,0,0,2,0,1,0,0,0,0,0,0,0
601,5442,1,228,14,9,36,0,1,4,1,0,1,2,1,0,0,0,4
3464,28755,0,156,16,2,22,0,0,1,0,0,1,1,1,0,0,0,3
3114,25724,1,218,16,3,30,1,1,1,0,0,0,0,0,0,0,0,0
3520,29224,1,242,16,1,16,0,0,1,0,0,0,3,0,0,0,0,3
1484,12344,0,296,10,6,44,1,0,2,1,1,0,0,1,0,0,0,1
1933,16015,1,163,10,5,20,2,0,0,0,1,0,0,0,0,0,0,0
288,2527,0,415,16,12,68,5,0,0,2,1,1,3,0,0,0,1,4
2866,23656,0,329,2,8,28,2,0,2,1,0,0,1,0,0,0,0,1
73,585,1,307,24,9,46,3,2,0,2,2,0,0,0,0,0,0,0
332,2927,1,330,14,6,34,3,0,0,0,3,0,0,0,1,0,0,1
3095,25566,1,290,14,9,46,2,1,3,0,1,0,0,0,1,0,0,1
1730,14262,1,337,10,12,46,1,1,2,2,0,0,3,0,0,0,1,3
2949,24388,0,228,4,11,46,1,1,2,2,1,0,1,0,0,0,0,1
3854,31799,1,189,26,11,72,1,0,4,2,1,0,0,0,0,1,0,1
916,7635,1,284,2,1,2,0,0,0,0,0,0,0,0,0,0,0,0
1206,10066,1,170,32,8,54,2,1,0,2,1,0,2,0,0,0,0,2
2496,20575,1,31,14,2,22,0,0,0,2,0,0,0,0,0,0,0,0
3535,29365,1,152,2,2,6,0,0,0,0,0,1,1,0,0,0,0,2
2234,18411,0,135,10,2,14,0,0,0,0,1,0,1,0,0,0,0,1
593,5366,1,300,12,5,24,0,0,0,2,1,1,0,0,0,0,0,1
2315,19002,1,323,4,2,8,0,0,0,0,0,0,3,0,0,0,0,3
3091,25535,1,202,8,8,34,3,1,2,1,0,1,2,0,0,0,0,3
2584,21365,0,307,10,6,34,1,0,0,0,1,2,0,0,0,0,0,2
841,7044,0,160,12,8,40,1,1,3,0,0,1,1,0,0,0,0,2
2886,23829,0,225,34,5,50,1,1,0,1,2,1,0,0,0,0,0,1
1662,13755,1,200,12,2,18,0,1,0,0,0,1,1,1,0,0,0,3
2357,19345,0,305,10,1,10,0,0,0,0,0,0,2,0,0,0,0,2
1166,9781,1,169,28,4,42,1,0,2,1,0,0,0,0,0,0,0,0
3838,31666,1,407,12,8,40,1,1,2,1,0,0,1,0,0,0,1,1
903,7545,1,17,16,1,16,0,0,1,0,0,0,0,0,0,0,0,0
1719,14199,1,281,14,1,14,0,0,0,1,0,0,0,0,0,0,0,0
1655,13712,0,198,20,9,64,1,1,5,0,1,0,0,0,0,0,0,0
2053,16977,1,77,16,4,28,0,0,0,1,2,0,0,0,0,0,0,0
3425,28362,1,314,10,11,54,2,2,2,2,1,1,0,0,0,0,0,1
1859,15337,1,174,10,2,12,0,0,0,0,0,0,1,0,0,0,0,1
2107,17399,1,311,24,2,26,0,0,2,0,0,0,1,0,0,0,0,1
2404,19699,1,254,12,2,18,1,0,0,0,0,2,1,0,0,0,0,3
1558,12910,1,154,16,6,44,0,0,1,1,0,0,0,0,0,2,0,2
2317,19015,1,197,20,12,48,4,2,4,0,0,0,1,0,1,0,1,2
3913,32242,0,303,26,7,46,3,0,1,2,0,2,0,0,0,1,0,3
2881,23760,1,408,12,8,34,1,0,3,2,1,0,1,0,0,0,0,1
2189,18080,1,195,6,2,10,0,0,0,0,0,0,0,0,0,0,0,0
1832,15119,1,188,16,2,18,0,1,1,0,0,0,1,0,0,0,0,1
1112,9304,1,317,2,2,6,0,0,0,0,0,0,0,0,0,0,0,0
1657,13718,1,255,2,1,2,0,0,0,0,0,0,0,0,0,0,0,0
918,7653,1,60,32,2,40,0,0,0,0,1,0,1,0,0,0,0,1
3314,27310,1,357,8,12,72,2,0,3,1,0,0,1,1,1,1,0,4
3234,26633,0,335,24,3,30,1,0,0,1,1,0,1,0,0,0,0,1
2874,23704,1,83,14,2,16,1,0,0,0,0,1,0,0,0,0,0,1
2274,18665,1,256,10,4,18,0,0,0,0,0,0,0,0,0,0,1,0
1522,12643,1,201,6,10,38,2,2,1,1,0,0,2,0,0,0,1,2
26,208,1,32,26,2,32,1,0,0,0,0,0,1,0,0,0,0,1
1841,15170,0,61,10,1,10,0,0,0,0,0,0,0,0,0,0,0,0
534,4821,1,423,4,9,56,2,0,2,1,1,0,0,0,0,0,0,0
1274,10696,1,220,2,2,6,0,0,0,0,0,0,0,0,0,0,0,0
3635,30171,0,327,10,11,64,1,0,1,1,2,0,1,0,1,0,0,2
722,6257,0,330,4,4,14,0,1,0,0,0,0,0,0,0,0,0,0
3525,29281,1,207,10,3,18,1,1,0,0,0,0,0,0,0,0,0,0
3881,32010,1,333,4,3,20,0,0,0,0,0,0,0,1,0,0,0,1
2379,19506,0,64,2,1,2,0,0,0,0,0,0,0,0,0,0,0,0
1351,11274,1,21,14,1,14,0,0,1,0,0,0,0,0,0,0,0,0
2171,17935,1,188,14,1,14,0,0,1,0,0,0,1,0,0,0,0,1
769,6608,1,40,4,2,8,0,0,0,0,0,0,0,0,0,0,0,0
3308,27278,1,280,34,10,84,0,0,2,1,3,1,1,0,0,0,0,2
1260,10571,0,136,2,2,8,0,0,0,0,0,0,0,0,0,0,1,0
2457,20176,0,153,12,9,48,1,1,1,1,0,0,1,0,0,0,0,1
3194,26274,1,138,10,8,54,2,1,1,0,2,0,0,0,0,0,0,0
2920,24107,1,292,14,11,44,3,0,2,3,1,0,0,0,0,0,0,0
3153,26015,1,208,12,1,12,0,0,0,0,0,0,0,0,0,0,0,0
2682,22229,1,390,10,9,32,0,2,0,1,1,0,0,0,0,1,1,1
2388,19559,0,127,32,2,38,0,1,0,0,0,1,0,1,0,1,0,3
3431,28401,1,17,12,1,12,0,0,0,0,0,0,0,0,0,0,0,0
2591,21419,0,168,2,2,4,0,0,0,0,0,0,0,0,0,0,0,0
3745,31123,1,189,10,4,28,2,0,0,1,0,0,0,1,0,0,0,1
1603,13293,0,374,22,10,80,2,2,2,2,0,0,1,0,0,0,0,1
2042,16899,0,140,16,2,18,0,0,1,0,1,0,0,0,0,0,0,0
1759,14495,0,346,28,11,88,3,0,3,1,2,0,1,0,0,1,0,2
401,3625,1,288,16,5,32,1,2,1,0,0,1,0,0,0,0,0,1
2649,21976,1,370,30,5,46,1,0,0,1,0,0,1,0,0,0,0,1
2050,16950,1,323,14,10,50,1,1,3,2,1,0,3,0,0,0,0,3
3389,28035,1,334,16,12,78,2,0,1,2,0,0,0,0,0,0,0,0
3638,30203,0,222,16,6,50,1,0,1,0,0,0,0,0,0,0,0,0
3364,27776,1,87,6,2,12,0,0,0,0,0,0,0,0,0,0,0,0
2141,17698,0,465,6,12,74,0,3,2,3,1,0,1,0,0,0,0,1
1098,9212,1,302,16,1,16,1,0,0,0,0,0,0,0,0,0,0,0
2344,19245,1,235,16,10,46,3,1,3,0,1,1,1,0,0,1,0,3
336,2981,1,230,2,12,32,0,4,2,1,0,0,0,2,0,0,0,2
709,6183,1,83,4,5,26,0,0,2,0,0,1,0,0,0,0,0,1
2204,18175,1,105,4,2,12,0,0,0,0,0,0,0,0,0,0,0,0
3249,26749,0,160,14,2,22,1,0,0,1,0,0,1,0,0,0,0,1
1819,14983,1,49,28,1,28,0,0,1,0,0,0,0,0,0,0,1,0
3498,29013,0,59,10,1,10,0,0,0,0,0,1,0,0,0,0,0,1
2702,22402,0,267,14,12,68,7,1,4,0,0,0,0,3,0,0,0,3
85,687,0,178,26,8,56,1,1,2,0,0,2,2,1,0,1,0,6
637,5747,1,259,14,2,18,0,0,1,0,0,0,0,0,0,0,0,0
1848,15211,0,328,24,3,40,0,0,1,0,0,0,0,0,0,0,0,0
2798,23190,0,120,2,2,4,0,0,0,0,0,0,0,0,0,0,0,0
3491,28975,1,158,12,7,50,0,1,2,0,1,0,0,0,0,0,0,0
971,7992,1,197,16,12,60,3,2,1,0,2,1,3,0,2,0,0,6
1032,8540,0,262,10,2,12,0,0,0,0,0,0,0,0,0,0,0,0
2797,23169,0,263,16,1,16,0,0,1,0,0,0,0,0,0,0,0,0
1040,8568,1,281,6,2,12,0,0,0,0,0,0,0,0,0,0,0,0
2151,17758,1,318,2,2,6,0,0,0,0,0,0,0,0,0,0,0,0
1739,14324,0,423,10,10,66,1,0,3,2,0,0,1,0,0,0,0,1
1500,12457,1,311,18,1,18,0,0,1,0,0,1,0,0,0,0,0,1
2868,23669,1,299,12,2,18,0,0,0,0,1,1,1,0,0,0,0,2
1729,14259,0,253,2,2,10,0,0,0,0,0,0,0,0,0,0,0,0
1643,13606,1,225,16,12,76,1,2,5,1,2,0,1,0,1,1,0,3
3143,25940,1,71,36,1,36,0,0,0,0,0,0,0,0,0,0,0,0
2577,21310,1,189,10,11,62,1,1,4,3,0,0,0,0,0,0,1,0
2892,23865,1,100,14,1,14,0,0,0,0,0,1,1,2,0,0,0,4
437,3913,1,176,20,1,20,0,1,0,0,0,0,0,0,0,0,0,0
1370,11457,1,46,10,2,14,1,0,0,0,0,0,0,0,0,0,0,0
774,6640,1,264,4,1,4,0,0,0,0,0,0,0,0,0,0,0,0
862,7201,1,248,36,1,36,0,1,0,0,0,0,0,0,0,0,0,0
3470,28797,1,167,10,8,40,1,0,2,1,1,0,0,1,0,0,0,1
3957,32630,1,100,16,1,16,0,1,0,0,0,0,0,0,0,0,0,0
2837,23503,1,158,18,4,32,2,0,2,0,0,0,0,0,0,0,0,0
740,6381,0,98,4,1,4,0,0,0,0,0,0,0,0,0,0,0,0
540,4907,1,56,6,2,12,0,0,0,0,0,0,0,0,0,0,0,0
606,5453,1,410,4,8,20,0,1,2,0,0,0,1,0,0,0,0,1
122,1075,1,145,16,2,22,1,1,0,0,0,0,0,0,0,0,0,0
1380,11536,0,395,10,11,36,4,2,1,0,0,0,1,1,0,0,0,2
988,8123,1,226,28,1,28,0,0,1,0,0,0,0,0,0,0,0,0
2356,19337,1,107,10,1,10,0,0,0,0,0,0,0,0,0,0,0,0
490,4443,1,274,22,1,22,0,0,0,0,1,0,0,0,0,0,0,0
1092,9155,1,231,32,10,72,2,0,5,3,0,0,0,0,0,0,0,0
3950,32592,0,219,4,2,12,0,0,0,0,0,0,0,0,0,0,0,0
3722,30966,1,165,32,1,32,1,0,0,0,0,0,0,0,0,0,0,0
2250,18519,1,309,14,8,30,3,0,2,1,1,0,0,1,0,0,0,1
283,2503,0,90,10,2,14,1,0,0,0,0,0,0,0,0,0,0,0
1535,12723,1,66,14,2,22,2,0,0,0,0,1,0,2,0,0,1,3
3220,26520,1,227,6,9,40,2,0,2,0,0,1,0,0,0,0,0,1
171,1411,0,201,34,6,54,3,1,0,0,1,0,1,0,0,0,0,1
1599,13262,1,293,16,5,38,0,0,2,1,0,0,0,1,1,0,0,2
1127,9507,1,116,4,2,8,0,0,0,0,0,0,0,0,0,0,0,0
611,5543,1,164,4,7,38,1,0,1,0,1,1,0,0,0,0,0,1
2087,17269,1,60,14,1,14,0,1,0,0,0,0,0,0,0,0,0,0
1770,14582,0,160,16,2,24,2,0,0,0,0,1,0,0,0,0,0,1
3188,26259,1,173,16,3,24,2,0,0,1,0,0,0,0,0,0,0,0
3358,27748,1,180,6,1,6,0,0,0,0,0,0,0,1,0,0,0,1
1113,9326,0,227,10,1,10,0,0,0,0,0,0,0,0,0,0,0,0
2302,18912,1,195,8,6,42,2,0,0,0,0,0,0,0,0,0,0,0
2876,23729,1,206,10,2,16,0,0,0,1,0,3,1,0,0,0,0,4
3615,30007,1,144,12,8,34,2,1,1,0,2,0,1,1,0,0,0,2
528,4780,1,421,6,11,68,2,1,1,1,2,1,2,0,0,0,0,3
707,6174,0,15,34,1,34,0,0,0,1,0,0,0,0,0,0,0,0
1234,10295,1,263,10,3,24,0,0,0,0,1,0,0,0,0,0,0,0
3061,25344,1,195,10,3,22,1,0,0,0,1,0,2,0,0,0,0,2
742,6391,1,56,8,1,8,0,0,0,0,0,0,0,0,0,0,0,0
723,6275,1,293,14,11,56,3,1,3,2,1,1,0,0,0,0,0,1
3401,28136,0,100,14,2,18,0,0,1,0,0,0,0,0,0,0,0,0
310,2739,1,324,10,2,14,1,0,0,0,0,0,0,0,0,0,0,0
943,7780,0,400,10,7,32,0,0,1,1,0,1,3,1,0,1,1,6
3643,30259,1,43,12,1,12,0,0,0,0,0,0,0,0,0,0,0,0
1313,10950,0,270,4,2,6,0,0,0,0,0,0,0,0,0,0,1,0
1958,16199,1,353,16,9,42,1,0,2,2,3,0,1,0,0,0,1,1
1608,13323,0,149,10,4,26,0,2,0,0,0,2,1,0,0,0,0,3
3022,24980,0,464,16,12,48,3,1,4,1,0,0,2,1,0,0,0,3
1283,10749,1,362,2,6,20,1,0,0,0,0,0,1,0,0,0,0,1
19,127,1,330,10,10,38,0,0,2,2,1,1,0,0,0,0,0,1
2499,20586,1,80,16,2,22,0,0,0,1,0,2,0,0,0,0,0,2
1000,8251,1,135,32,2,34,1,0,0,0,0,0,1,0,0,0,0,1
3333,27477,0,442,14,10,60,6,0,1,2,0,0,1,0,0,1,0,2
767,6597,1,109,6,1,6,0,0,0,0,0,0,0,0,0,0,0,0
1002,8275,1,231,6,10,44,1,0,2,2,0,2,1,1,0,0,1,4
2932,24217,1,167,14,2,18,1,0,1,0,0,0,0,0,0,0,0,0
3007,24877,1,96,14,2,20,0,1,1,0,0,0,0,0,0,0,0,0
2665,22100,1,114,4,2,6,0,0,0,0,0,0,0,0,0,0,0,0
3057,25329,1,326,2,10,48,1,0,4,1,1,0,3,0,2,1,0,6
2199,18153,1,298,12,3,20,0,0,0,0,1,0,1,0,0,0,0,1
1540,12756,1,317,2,2,4,0,0,0,0,0,0,0,0,0,0,0,0
3999,32976,0,214,14,7,38,1,1,3,1,0,0,0,0,0,0,0,0
1493,12400,1,387,30,12,80,2,1,3,2,1,1,2,0,0,0,0,3
269,2341,0,90,12,3,26,1,0,0,0,1,0,0,0,0,0,0,0
357,3093,0,177,10,1,10,0,0,0,0,0,0,0,0,0,0,0,0
2394,19617,1,234,14,3,22,1,0,0,1,1,0,0,0,0,0,0,0
3343,27588,1,80,10,2,16,0,0,0,1,0,0,0,0,0,0,0,0
748,6426,0,324,34,4,54,1,0,1,0,0,0,2,1,0,0,0,3
1043,8599,0,322,6,7,34,1,0,2,0,1,0,2,0,0,0,0,2
1105,9256,1,311,24,12,70,3,3,3,0,0,1,2,0,0,0,0,3
893,7448,0,294,12,4,28,0,0,2,0,0,0,1,0,0,0,0,1
1956,16185,1,85,18,1,18,0,0,0,0,0,2,0,0,0,0,0,2
3856,31847,1,89,4,1,4,0,0,0,0,0,0,0,0,0,0,0,0
1324,11009,1,94,10,1,10,0,0,0,0,0,0,0,0,0,0,0,0
3840,31684,1,156,14,1,14,0,0,1,0,0,0,0,0,0,0,0,0
1388,11586,0,206,14,11,64,2,1,3,2,1,1,1,2,0,0,0,4
2175,17956,1,273,16,1,16,0,0,0,0,1,1,0,0,0,0,1,1
1027,8486,1,258,12,1,12,0,0,0,0,0,0,0,0,0,0,0,0
1230,10286,1,80,10,2,18,1,0,0,0,0,0,0,0,0,0,0,0
531,4808,1,109,10,6,30,0,1,1,1,0,0,2,0,0,0,0,2
2307,18968,0,264,10,2,18,1,0,0,0,0,0,2,0,0,0,0,2
2389,19563,1,25,2,1,2,0,0,0,0,0,1,0,0,0,0,0,1
442,3966,1,122,4,1,4,0,0,0,0,0,0,0,0,0,0,0,0
34,266,1,319,12,8,32,2,1,1,1,0,0,1,0,0,0,0,1
1748,14404,1,57,16,2,22,0,0,2,0,0,0,0,0,0,0,0,0
3832,31614,1,465,16,12,84,3,2,1,2,0,0,1,0,0,0,0,1
926,7708,0,451,14,11,80,1,2,5,0,0,1,2,0,0,0,0,3
3908,32213,1,285,16,6,44,1,0,3,0,1,0,0,0,0,0,0,0
3084,25499,0,270,2,2,6,0,0,0,0,0,0,0,0,0,0,0,0
3378,27905,1,231,6,1,6,0,0,0,0,0,0,0,0,0,0,0,0
2203,18174,1,257,16,8,46,2,0,2,2,0,0,0,0,0,1,0,1
715,6222,0,275,10,4,18,2,1,0,0,0,0,0,0,0,0,0,0
1694,13991,1,317,10,2,16,1,0,0,0,0,0,0,0,0,0,0,0
2912,24014,0,194,6,6,30,0,1,2,0,1,0,0,1,1,0,1,2
801,6786,1,320,16,6,46,2,0,1,2,0,0,1,0,0,0,0,1
2193,18108,1,291,8,1,8,0,0,0,0,0,0,0,0,0,0,0,0
418,3708,1,273,16,1,16,1,0,0,0,0,0,0,0,0,0,0,0
3501,29065,1,317,22,2,30,0,0,0,0,1,1,1,0,0,0,0,2
3191,26267,0,83,6,5,32,1,1,0,1,0,1,1,0,0,0,1,2
1647,13666,1,47,14,1,14,0,0,0,0,0,0,0,0,0,0,0,0
2316,19014,0,223,16,1,16,0,0,1,0,0,0,0,0,0,0,0,0
3646,30284,1,223,6,2,14,0,1,0,0,0,0,0,0,0,0,0,0
2114,17458,1,236,14,1,14,1,0,0,0,0,0,0,0,0,0,0,0
373,3256,1,240,16,11,76,5,1,1,2,1,1,0,0,0,0,0,1
2727,22593,1,247,2,1,2,0,0,0,0,0,0,0,0,0,0,0,0
3052,25301,0,157,6,8,34,1,0,1,1,2,1,0,0,0,0,0,1
3769,31246,0,182,12,3,26,0,0,2,0,0,0,1,0,0,0,0,1
530,4801,1,17,14,1,14,0,0,0,1,0,0,0,0,0,0,0,0
427,3771,1,217,6,1,6,0,0,0,0,0,0,0,0,0,0,0,0
3329,27424,1,282,26,1,26,0,0,0,1,0,0,1,0,0,0,0,1
1823,15024,1,311,20,2,24,0,0,1,0,0,0,1,0,0,0,0,1
3584,29759,1,82,8,3,18,0,0,0,0,0,0,0,0,0,0,0,0
3818,31526,1,241,4,2,10,0,0,0,0,0,2,0,0,0,0,0,2
462,4153,1,362,18,12,78,2,1,4,3,1,0,1,1,0,0,0,2
3376,27883,1,324,20,2,22,1,0,0,0,0,0,0,0,0,0,0,0
2851,23581,1,102,14,1,14,0,0,1,0,0,0,0,0,0,0,0,0
526,4773,1,157,8,2,14,0,0,1,0,0,0,0,0,0,0,0,0
1322,10999,1,268,8,1,8,0,0,0,0,0,0,0,0,0,0,0,0
3839,31680,1,136,14,1,14,0,0,1,0,0,0,0,0,0,0,0,0
2859,23621,1,76,8,1,8,0,0,0,0,0,2,0,2,0,0,0,4
1585,13137,1,129,2,8,46,1,0,1,1,0,0,0,0,0,0,0,0
1212,10169,1,69,4,2,10,0,0,0,0,0,0,0,0,0,0,0,0
2254,18539,1,363,14,5,38,0,0,2,0,1,0,2,0,0,0,0,2
2614,21698,1,84,4,2,8,0,0,0,0,0,0,0,0,0,0,0,0
712,6201,1,273,10,1,10,0,0,0,0,0,0,0,0,0,0,0,0
1285,10780,1,97,6,2,12,0,0,0,0,0,0,0,0,0,0,0,0
1128,9532,0,306,14,1,14,1,0,0,0,0,0,0,0,0,0,0,0
1555,12896,0,184,10,1,10,0,0,0,0,0,0,0,0,0,0,0,0
1379,11520,1,199,22,5,50,0,1,2,0,0,1,1,0,0,0,0,2
1701,14036,1,262,8,2,14,1,0,0,0,0,0,3,0,0,0,0,3
57,440,1,458,10,12,44,1,0,3,1,1,2,0,2,1,1,1,6
3386,28011,1,239,10,11,58,1,1,0,2,1,0,2,0,0,0,0,2
2008,16647,1,109,12,2,16,1,0,0,0,0,0,0,1,0,0,0,1
602,5445,0,133,2,4,24,0,0,0,0,0,1,0,0,0,0,0,1
1602,13292,1,222,28,7,60,2,1,1,1,1,0,1,0,0,0,0,1
20,145,1,393,12,11,50,3,0,2,0,0,2,3,0,0,0,1,5
3184,26228,1,87,32,2,36,0,0,0,0,1,0,0,0,0,0,0,0
3442,28535,1,276,6,3,12,0,0,0,0,0,0,1,1,0,0,0,2
3882,32027,0,276,10,12,40,3,1,5,1,1,0,0,0,0,0,0,0
612,5549,1,273,8,2,16,0,0,1,0,0,0,0,0,0,0,0,0
1592,13212,1,305,18,3,24,1,0,1,0,0,1,0,0,0,0,0,1
3936,32401,1,270,12,1,12,0,0,0,0,0,0,0,0,0,0,0,0
1773,14597,1,284,32,9,68,1,0,1,3,0,2,0,2,1,0,0,5
3347,27616,1,371,16,6,48,3,0,2,0,0,0,1,0,0,0,0,1
1459,12106,1,199,12,1,12,0,0,0,0,0,0,0,0,0,0,0,0
252,2204,1,364,16,8,60,0,1,3,0,0,1,3,0,0,0,0,4
1944,16082,1,33,34,2,38,0,0,1,0,1,0,0,0,0,0,0,0
1946,16088,1,169,16,2,22,1,1,0,0,0,0,0,0,0,0,0,0
1831,15115,1,263,24,9,42,2,1,2,0,0,0,1,0,0,1,0,2
2618,21754,1,463,10,12,42,2,1,3,1,0,0,1,0,0,0,0,1
178,1496,1,246,6,1,6,0,0,0,0,0,0,0,0,0,0,0,0
142,1169,1,265,16,1,16,0,0,1,0,0,0,0,0,0,0,0,0
604,5451,1,233,16,4,36,1,0,0,1,0,0,2,0,0,0,1,2
1307,10918,0,338,6,8,54,1,2,2,1,0,1,0,1,0,0,0,2
1281,10741,1,239,16,1,16,1,0,0,0,0,0,0,0,0,0,0,0
3300,27254,0,235,16,1,16,0,0,0,1,0,0,1,0,0,0,1,1
153,1261,1,157,26,1,26,1,0,0,0,0,0,0,0,0,0,0,0
3495,28998,1,136,6,2,10,0,0,0,0,0,0,0,0,0,0,0,0
3816,31513,0,249,10,6,32,0,1,0,0,1,0,0,0,0,0,0,0
2364,19390,1,306,14,2,20,1,0,1,0,0,1,3,0,0,0,0,4
1812,14945,1,150,22,5,34,2,0,3,0,0,0,1,0,0,0,0,1
2695,22336,0,295,8,2,16,0,0,1,0,0,0,2,0,0,0,0,2
3115,25733,0,74,30,1,30,0,1,0,0,0,2,0,0,0,0,0,2
2692,22318,0,206,10,6,28,0,0,2,1,1,0,1,0,2,0,0,3
3274,26990,0,77,6,2,12,0,0,0,0,0,0,0,0,0,0,0,0
1262,10583,1,159,10,2,14,0,0,0,0,1,0,0,0,0,0,1,0
696,6102,1,158,16,7,44,0,2,1,2,0,0,2,1,0,0,0,3
3630,30112,1,40,10,2,16,1,0,0,0,0,1,0,0,0,0,0,1
3476,28866,1,222,32,2,40,1,0,1,0,0,0,1,0,0,0,0,1
3653,30351,0,81,12,2,20,0,0,0,1,0,1,0,0,0,0,0,1
2848,23567,1,98,2,1,2,0,0,0,0,0,0,0,0,0,0,0,0
2635,21871,0,246,10,2,12,0,0,0,0,0,0,0,0,0,0,0,0
2924,24132,0,90,24,2,28,1,0,0,0,0,0,0,0,0,0,0,0
541,4910,1,291,10,2,18,1,0,0,0,0,0,0,0,0,0,0,0
3472,28806,1,231,34,2,42,0,0,2,0,0,0,0,0,0,0,0,0
2561,21148,1,204,6,4,20,0,0,0,0,1,0,1,0,0,0,0,1
1801,14845,1,235,8,1,8,0,0,0,0,0,0,1,0,0,0,0,1
266,2313,1,53,12,2,14,0,0,1,0,0,0,0,0,0,0,0,0
852,7105,1,59,22,1,22,0,0,0,0,0,0,1,0,0,0,0,1
749,6428,1,225,34,1,34,0,0,1,0,0,0,0,0,0,0,0,0
1185,9925,1,76,14,1,14,0,0,0,1,0,0,0,0,0,0,0,0
670,5912,1,399,14,8,48,0,0,2,0,1,2,3,1,1,1,1,8
245,2171,0,95,8,2,12,0,0,0,0,0,0,0,0,0,0,0,0
3675,30548,0,146,10,1,10,0,0,0,0,0,2,0,0,0,0,0,2
2687,22288,0,264,16,1,16,0,0,0,1,0,0,1,0,0,0,0,1
2763,22848,0,248,10,7,38,1,0,3,1,0,1,1,0,0,0,0,2
998,8242,0,178,14,7,38,0,1,2,2,0,0,2,0,0,0,0,2
3731,31036,1,250,14,2,16,0,0,0,0,1,0,0,0,0,0,0,0
1165,9774,1,397,8,11,70,3,1,1,0,1,2,2,0,0,0,1,4
1579,13095,1,422,34,12,90,2,1,6,0,1,0,1,0,0,0,0,1
1208,10099,1,210,30,2,34,0,1,0,0,0,1,0,0,0,1,0,2
2845,23554,1,32,10,1,10,0,0,0,0,0,0,0,0,0,0,0,0
3337,27518,0,290,18,6,48,2,1,2,0,0,0,0,0,0,0,0,0
1853,15273,1,122,14,2,20,0,0,1,1,0,0,0,0,0,0,0,0
2597,21524,1,69,10,2,16,1,0,0,0,0,0,0,0,0,0,1,0
2697,22357,1,62,16,1,16,0,0,1,0,0,0,0,0,0,0,0,0
823,6917,1,303,10,9,34,2,1,1,2,0,0,2,1,0,0,0,3
3420,28311,0,190,24,6,46,2,1,2,0,1,0,0,0,0,0,0,0
2237,18425,1,205,12,1,12,0,0,0,0,0,1,0,0,0,0,0,1
667,5906,1,277,10,3,22,1,0,1,0,0,0,0,0,0,0,0,0
2402,19689,1,143,16,1,16,0,0,0,1,0,0,0,1,0,0,0,1
1048,8667,0,315,14,6,44,1,0,0,1,2,1,1,0,0,0,0,2
3290,27135,1,54,4,2,10,0,0,0,0,0,0,0,0,0,0,0,0
2211,18259,1,269,8,2,10,0,0,0,0,0,0,2,0,0,0,0,2
2068,17121,1,45,6,2,12,0,0,0,0,0,0,0,0,0,0,0,0
1610,13338,1,70,14,1,14,0,0,1,0,0,0,0,0,0,0,0,0
599,5424,1,278,26,1,26,0,1,0,0,0,0,0,0,0,0,0,0
1395,11622,1,83,16,1,16,0,0,1,0,0,0,0,0,0,0,0,0
890,7437,1,239,12,2,14,0,1,0,0,0,0,0,0,0,0,0,0
113,966,1,266,2,6,30,1,1,0,0,0,1,1,0,0,0,0,2
2991,24743,1,55,22,1,22,0,0,0,0,0,0,0,0,0,0,0,0
3251,26762,1,68,14,2,20,0,0,0,1,1,0,0,0,0,0,0,0
3790,31341,1,43,14,2,16,1,0,0,0,1,1,1,0,0,0,0,2
781,6698,1,320,4,2,8,0,0,0,0,0,0,0,0,0,0,0,0
3690,30644,0,49,12,1,12,0,0,0,0,0,2,0,0,0,0,0,2
3005,24871,1,258,2,11,38,1,0,2,4,1,0,2,0,0,0,0,2
3081,25491,1,149,22,2,24,0,0,1,0,1,0,1,0,0,0,0,1
2782,23022,1,34,12,1,12,0,0,0,0,0,1,0,0,0,0,0,1
624,5654,1,276,24,2,32,0,0,0,2,0,0,0,0,0,0,0,0
95,775,1,258,14,5,36,0,0,4,0,1,0,0,0,0,0,0,0
3026,25034,1,258,14,1,14,0,0,0,0,1,0,2,0,0,0,0,2
2927,24159,1,233,10,1,10,0,0,0,0,0,0,0,0,0,0,0,0
3126,25821,1,210,8,2,10,0,0,0,0,0,0,1,0,0,0,0,1
445,3998,1,33,12,2,14,0,1,0,0,0,0,0,0,0,0,0,0
1360,11363,0,118,8,2,16,0,0,1,0,0,0,0,0,0,0,0,0
684,6037,0,422,26,12,82,2,2,3,0,1,1,3,2,0,0,0,6
63,484,1,329,12,8,36,0,1,0,0,1,0,1,0,0,0,0,1
3569,29632,1,269,20,3,36,2,1,0,0,0,0,0,0,0,0,0,0
1838,15155,1,114,6,1,6,0,0,0,0,0,0,0,0,0,0,0,0
780,6680,0,210,14,10,60,4,1,3,2,0,0,0,1,0,0,0,1
2258,18593,1,237,2,1,2,0,0,0,0,0,2,0,0,0,0,0,2
161,1333,1,66,12,2,20,0,0,1,0,0,0,0,0,0,0,0,0
1110,9296,1,275,6,4,28,0,0,0,2,1,0,0,0,0,0,0,0
155,1283,1,217,14,2,20,1,0,0,0,1,0,0,0,0,0,0,0
1071,8958,1,305,8,2,16,0,1,0,0,0,0,0,0,0,0,0,0
3633,30160,1,308,14,1,14,0,0,0,1,0,0,0,0,0,0,0,0
279,2435,1,285,6,9,56,1,1,2,1,0,0,2,1,0,0,0,3
1827,15059,1,250,16,1,16,1,0,0,0,0,0,0,0,0,0,0,0
77,612,0,277,14,1,14,0,0,1,0,0,0,0,0,0,0,0,0
3342,27574,1,167,6,2,10,0,0,0,0,0,0,0,0,0,0,0,0
1245,10403,1,314,12,2,16,1,0,0,0,0,0,0,0,0,0,0,0
3217,26500,1,303,22,2,28,0,1,0,0,0,1,0,0,0,0,0,1
2277,18679,1,347,24,12,84,3,2,2,1,1,0,0,0,0,0,0,0
3812,31466,0,119,22,1,22,0,0,0,1,0,0,0,0,0,0,0,0
3822,31544,1,124,26,1,26,0,0,0,0,0,1,0,0,0,0,0,1
3416,28241,1,124,6,1,6,0,0,0,0,0,0,0,0,0,0,0,0
3605,29922,1,146,30,1,30,0,0,0,0,0,0,0,0,0,0,0,0
2655,22011,0,138,6,9,24,2,0,0,0,1,0,0,0,0,0,0,0
2293,18861,1,467,14,12,84,1,2,2,3,3,0,3,0,0,0,0,3
1259,10570,1,92,8,4,30,0,1,1,0,0,0,1,0,0,0,0,1
80,633,1,294,24,2,30,0,0,1,0,1,0,0,0,0,0,0,0
3607,29931,1,325,10,2,14,0,0,1,0,0,0,0,0,0,0,0,0
2964,24521,0,33,12,2,16,0,0,1,0,0,0,0,0,0,0,1,0
3228,26587,1,210,16,2,20,0,0,2,0,0,0,1,0,0,0,0,1
937,7746,1,84,6,2,12,0,0,0,0,0,0,0,0,0,0,0,0
1239,10356,0,233,8,2,14,1,0,0,0,0,0,0,0,0,0,0,0
757,6521,1,100,10,1,10,0,0,0,0,0,0,0,0,0,0,0,0
33,265,1,352,12,11,66,4,1,3,1,0,1,0,2,0,1,0,4
475,4321,1,96,22,5,44,0,1,3,0,0,1,0,1,0,0,0,2
3349,27631,0,87,10,1,10,0,0,0,0,0,0,0,0,0,0,0,0
2981,24655,1,415,4,10,50,2,3,0,1,0,0,2,0,0,0,1,2
2583,21351,0,279,16,11,42,0,2,3,0,1,2,0,0,0,0,0,2
2961,24492,1,153,10,1,10,0,0,0,0,0,1,2,0,0,0,0,3
2777,22991,1,302,10,1,10,0,0,0,0,0,1,2,0,0,0,0,3
876,7320,1,455,6,11,50,2,2,3,0,1,0,2,0,0,0,0,2
242,2119,1,260,32,1,32,0,0,0,0,0,0,1,0,0,0,0,1
2553,21059,1,89,24,2,30,0,1,1,0,0,0,0,0,0,0,0,0
1795,14823,1,239,4,10,32,2,0,3,2,1,0,0,0,0,0,0,0
3756,31171,1,327,12,3,28,1,0,1,0,0,0,0,0,0,0,1,0
2699,22378,1,127,2,5,14,0,1,0,0,0,0,0,0,0,0,0,0
3695,30727,1,161,30,1,30,1,0,0,0,0,0,0,0,0,0,0,0
306,2707,1,332,12,10,48,2,1,3,1,0,1,0,1,0,1,0,3
1639,13578,1,183,8,3,16,0,0,0,0,0,0,0,0,0,0,0,0
1424,11867,1,292,36,2,40,0,0,0,0,2,0,0,0,1,0,0,1
860,7182,1,296,16,3,32,0,0,3,0,0,0,0,0,0,0,0,0
2819,23331,1,246,6,2,12,0,0,0,0,0,0,3,0,0,0,0,3
2454,20133,0,273,18,2,20,0,1,0,0,1,3,1,0,0,0,0,4
3391,28049,0,171,6,11,64,3,1,2,1,0,0,0,0,0,0,0,0
3151,25997,1,188,12,1,12,0,0,0,0,0,1,0,0,0,0,0,1
935,7742,1,335,4,4,26,0,1,0,0,0,1,1,0,0,0,0,2
463,4160,1,198,6,1,6,0,0,0,0,0,0,0,0,0,0,0,0
2759,22799,1,294,18,7,46,2,2,1,0,1,0,0,0,0,0,0,0
3123,25778,1,295,16,1,16,0,0,0,0,0,0,2,0,0,0,0,2
917,7636,1,199,10,9,62,0,2,3,1,1,0,1,0,0,0,0,1
2079,17200,0,366,32,10,88,4,1,2,1,0,0,1,0,0,1,0,2
1147,9659,1,265,14,1,14,1,0,0,0,0,0,0,0,0,0,0,0
3611,29962,0,269,10,2,18,0,0,1,0,0,0,0,0,0,0,1,0
1340,11131,1,55,12,1,12,0,0,0,0,0,0,0,0,0,0,0,0
1893,15687,0,101,14,1,14,1,0,0,0,0,0,0,0,0,0,0,0
3330,27429,0,259,12,1,12,0,0,0,0,0,0,0,0,0,0,0,0
60,453,1,154,10,7,46,0,1,0,1,0,1,3,0,0,0,1,4
1475,12262,0,214,2,2,8,0,0,0,0,0,0,0,0,0,0,0,0
480,4378,1,168,20,7,36,0,2,3,0,0,1,1,0,0,0,0,2
1232,10291,1,73,16,2,24,0,0,0,1,0,0,1,0,0,0,0,1
698,6113,0,284,4,2,8,0,0,0,0,0,0,0,0,0,0,0,0
2723,22564,1,146,14,7,42,1,0,1,0,0,1,0,0,0,0,0,1
3545,29445,1,142,14,1,14,0,0,0,0,0,0,0,0,0,0,0,0
3322,27386,0,238,30,10,82,1,1,4,1,0,0,0,0,0,0,0,0
307,2726,1,124,4,1,4,0,0,0,0,0,0,0,0,0,0,0,0
1995,16523,0,59,10,1,10,0,0,0,0,0,0,0,0,0,0,0,0
2825,23369,1,317,8,3,14,0,0,1,0,0,0,1,0,0,0,1,1
3344,27593,1,299,12,7,28,0,0,1,2,1,0,0,0,0,0,0,0
3478,28881,0,401,10,9,60,3,0,1,0,2,0,3,1,0,1,0,5
1272,10689,1,127,2,3,12,0,0,0,0,0,0,0,0,0,0,0,0
71,579,0,230,10,2,14,1,0,0,0,0,0,0,0,0,0,0,0
1303,10891,1,306,12,2,18,0,1,0,0,0,0,0,0,0,0,0,0
2729,22615,0,147,18,1,18,0,0,0,0,1,0,0,1,0,0,0,1
118,1011,1,284,10,1,10,0,0,0,0,0,0,0,0,0,0,0,0
3256,26789,0,46,28,1,28,0,0,1,0,0,1,0,1,0,0,0,2
1106,9260,1,163,10,1,10,0,0,0,0,0,0,0,0,0,0,0,0
591,5350,1,245,18,4,34,0,0,0,0,0,1,3,0,0,0,1,4
2719,22529,1,183,14,4,30,0,1,1,1,1,0,2,0,0,0,0,2
2925,24151,1,220,18,2,26,0,0,1,0,0,0,0,1,0,0,0,1
668,5907,0,160,24,10,50,2,0,1,2,1,1,3,0,0,0,0,4
1868,15398,1,362,16,11,48,1,0,1,3,0,0,0,0,0,0,0,0
397,3590,1,106,16,1,16,0,0,1,0,0,0,0,0,0,0,0,0
2336,19201,1,251,12,6,32,1,0,1,0,1,0,0,0,0,0,0,0
2104,17375,0,225,28,2,34,0,1,1,0,0,0,0,0,0,0,0,0
1565,12978,0,293,14,2,18,0,0,1,1,0,0,0,0,0,0,0,0
3469,28792,1,17,14,1,14,0,0,0,0,0,0,0,0,0,0,0,0
2989,24736,1,183,14,1,14,0,0,0,0,0,0,2,0,0,0,0,2
1615,13360,1,277,2,8,34,0,2,1,0,0,0,0,0,0,0,0,0
2516,20734,1,83,14,1,14,0,0,0,0,1,2,0,0,0,0,0,2
3846,31726,0,324,14,2,22,1,0,0,0,0,0,0,0,0,0,0,0
2305,18961,1,445,12,12,56,3,1,5,0,0,0,0,0,0,1,0,1
1645,13644,1,192,8,1,8,0,0,0,0,0,0,0,0,0,0,0,0
3345,27603,1,227,14,2,18,0,0,0,1,0,0,0,0,0,0,0,0
635,5724,1,225,26,11,58,2,1,4,0,1,1,2,0,0,0,0,3
3094,25565,1,342,8,11,64,1,0,2,4,0,0,1,0,0,0,0,1
3933,32372,1,283,30,10,86,1,0,3,2,1,0,1,0,0,0,0,1
1171,9817,1,85,24,2,32,0,0,1,0,0,0,1,0,0,0,0,1
2581,21338,1,193,4,1,4,0,0,0,0,0,0,1,0,0,0,0,1
1267,10619,1,132,16,6,30,2,1,0,1,0,1,1,0,0,0,1,2
3080,25482,1,379,10,7,34,0,0,1,0,1,2,3,0,1,0,0,6
2265,18623,1,228,12,5,34,1,0,0,0,1,1,0,0,0,0,1,1
955,7884,0,414,2,9,24,1,0,0,0,1,1,1,0,0,0,1,2
364,3153,1,121,26,1,26,1,0,0,0,0,0,0,0,0,0,0,0
2303,18918,1,211,4,1,4,0,0,0,0,0,0,1,0,0,0,0,1
3077,25459,0,271,6,1,6,0,0,0,0,0,0,0,0,0,0,0,0
1542,12770,1,359,2,11,66,4,1,3,1,0,0,1,0,0,0,0,1
990,8152,0,107,30,1,30,0,0,1,0,0,0,0,0,0,0,0,0
3020,24958,1,303,34,1,34,0,0,0,0,0,0,0,0,0,0,0,0
2803,23217,1,344,36,4,50,2,0,1,0,1,1,0,0,0,0,0,1
472,4260,1,68,16,2,22,0,0,0,0,1,1,0,0,0,0,0,1
950,7836,0,33,4,2,8,0,0,0,0,0,0,0,0,0,0,0,0
2818,23319,1,448,30,11,70,2,1,2,2,2,1,1,0,0,1,0,3
1508,12555,0,161,10,7,34,0,1,0,1,1,0,2,0,0,0,0,2
2619,21755,1,224,14,2,18,0,0,0,0,1,0,0,0,0,0,0,0
3468,28791,0,213,10,9,56,1,0,0,3,0,0,1,1,0,0,0,2
1202,10047,1,458,6,11,48,3,0,1,1,1,2,0,1,0,1,0,4
869,7246,1,146,32,2,38,0,0,2,0,0,0,0,1,0,0,0,1
2407,19738,1,89,34,1,34,0,0,0,0,0,0,0,0,0,0,0,0
584,5268,0,400,4,8,44,1,0,2,1,0,1,1,0,0,0,0,2
1011,8361,1,200,10,1,10,0,0,0,0,0,0,0,0,0,0,0,0
1391,11608,0,182,12,2,18,0,0,1,0,0,0,0,0,0,0,0,0
2412,19806,1,122,2,2,8,0,0,0,0,0,0,0,0,0,0,0,0
127,1093,1,263,12,8,58,1,1,3,0,0,1,1,0,0,0,0,2
2010,16670,0,343,10,12,66,2,2,1,1,2,0,2,0,2,0,0,4
3147,25952,1,282,8,2,16,0,1,0,0,0,0,1,0,0,0,0,1
1821,15001,0,324,16,10,44,2,2,2,1,1,0,0,0,0,0,0,0
2735,22659,1,79,6,2,12,0,0,0,0,0,0,0,0,0,0,0,0
3677,30557,1,42,10,2,14,0,0,0,1,0,0,0,0,0,0,0,0
1084,9088,1,393,2,7,26,1,0,0,0,0,2,0,0,0,0,0,2
1670,13805,1,146,14,6,28,0,0,2,0,1,0,0,0,0,0,0,0
3945,32521,1,317,16,5,36,2,0,0,0,1,0,1,0,1,0,0,2
456,4105,1,149,2,5,26,0,1,0,0,0,2,0,0,0,1,1,3
3987,32892,1,263,8,1,8,0,0,0,0,0,0,2,0,0,0,0,2
3224,26547,1,142,4,2,8,0,0,0,0,0,0,4,0,0,0,0,4
3596,29829,1,144,10,7,30,1,1,1,2,0,1,1,0,0,0,0,2
1123,9464,0,264,10,12,58,1,1,4,0,0,1,3,2,0,0,1,6
3847,31733,0,280,12,12,82,3,0,3,1,1,0,1,0,0,0,0,1
2852,23585,0,170,14,2,18,1,0,1,0,0,0,0,0,0,0,1,0
2633,21853,1,180,16,2,24,0,1,0,0,0,0,0,0,0,0,0,0
2680,22221,1,209,24,1,24,0,0,0,0,1,0,1,0,0,0,0,1
3046,25249,1,55,14,1,14,0,0,0,0,0,1,0,1,0,0,0,2
688,6067,1,39,14,1,14,0,0,1,0,0,0,0,0,0,0,0,0
2363,19381,1,294,10,1,10,0,0,0,0,0,0,0,0,0,0,0,0
1583,13126,1,395,6,12,74,1,1,4,0,1,0,0,0,0,0,0,0
1698,14025,1,149,26,2,32,0,1,1,0,0,0,1,0,0,0,0,1
1160,9736,0,199,32,2,34,0,2,0,0,0,0,0,0,0,0,0,0
3947,32547,1,317,10,8,34,2,1,1,0,0,0,1,0,0,0,0,1
3303,27263,0,132,10,1,10,0,0,0,0,0,0,1,0,0,0,0,1
3245,26701,1,125,14,2,20,0,0,1,1,0,0,0,0,0,0,0,0
1271,10669,1,259,14,2,22,0,0,2,0,0,0,0,1,0,0,0,1
1854,15277,0,313,10,1,10,0,0,0,0,0,0,0,0,0,0,0,0
64,505,1,350,4,5,16,0,0,2,0,0,0,0,1,0,0,0,1
3118,25740,0,31,14,1,14,1,0,0,0,0,2,0,0,0,0,0,2
3802,31415,0,271,10,1,10,0,0,0,0,0,0,0,0,0,0,0,0
1072,8968,1,300,18,2,24,1,0,1,0,0,0,0,0,0,0,0,0
2917,24075,1,31,34,2,42,2,0,0,0,0,0,0,0,0,1,0,1
212,1817,0,123,4,2,10,0,0,0,0,0,0,0,0,0,0,0,0
1569,12995,1,21,2,1,2,0,0,0,0,0,3,0,0,0,0,0,3
1951,16142,1,243,20,1,20,1,0,0,0,0,2,0,0,0,0,0,2
2000,16576,0,263,10,1,10,0,0,0,0,0,0,1,0,0,0,0,1
3862,31881,1,122,22,2,24,0,0,1,0,0,1,0,0,0,0,0,1
2969,24555,0,257,8,1,8,0,0,0,0,0,0,0,0,0,0,0,0
426,3759,0,226,14,2,22,0,0,0,0,1,0,0,0,0,0,0,0
148,1227,1,131,16,1,16,0,0,0,0,0,1,0,0,0,0,0,1
555,5047,1,106,14,1,14,1,0,0,0,0,0,0,0,0,0,0,0
1062,8900,1,341,12,7,44,1,1,2,1,1,0,0,1,0,0,0,1
3388,28029,1,314,28,1,28,0,0,0,0,1,0,0,0,0,0,0,0
2911,24012,0,281,6,1,6,0,0,0,0,0,1,0,1,0,0,1,2
1394,11620,1,115,4,2,6,0,0,0,0,0,0,0,0,0,0,0,0
2747,22737,1,405,14,9,54,1,0,1,3,1,2,0,0,0,0,0,2
2749,22745,1,313,10,8,30,4,1,1,1,0,1,0,0,0,0,0,1
2795,23126,0,228,12,2,20,0,0,0,0,0,0,0,0,0,0,0,0
3799,31388,0,239,16,7,52,1,3,0,2,0,0,2,0,0,0,0,2
247,2183,1,125,32,1,32,0,0,0,0,0,0,1,0,0,0,0,1
1763,14531,1,278,34,3,44,0,0,1,0,0,0,1,0,0,0,0,1
2686,22282,1,76,12,2,14,1,0,0,0,0,0,0,0,0,0,0,0
3743,31106,1,170,16,1,16,1,0,0,0,0,0,0,0,0,0,0,0
2625,21779,1,223,4,5,32,1,0,0,0,0,0,0,0,0,0,0,0
681,6013,1,143,14,1,14,0,0,0,0,0,0,0,0,0,0,1,0
1494,12407,0,188,28,2,30,0,1,1,0,0,0,0,0,0,0,0,0
3373,27867,1,73,20,1,20,0,0,0,0,0,0,0,0,0,0,0,0
3751,31156,0,318,14,8,36,2,1,3,0,1,0,1,0,1,0,0,2
3692,30659,1,74,14,2,22,0,0,0,1,0,0,0,0,0,0,0,0
1016,8389,1,126,2,4,18,1,0,0,0,0,0,0,0,0,0,0,0
1088,9137,0,234,12,2,18,0,0,0,1,0,0,0,0,0,0,0,0
104,883,1,182,4,10,34,2,2,0,1,0,0,1,0,0,0,0,1
1179,9856,0,227,16,1,16,0,0,0,0,0,1,0,0,0,0,0,1
2026,16768,1,256,10,12,62,2,1,1,0,2,0,1,0,2,0,1,3
832,6977,1,214,16,7,36,2,1,1,0,1,1,1,0,0,0,0,2
3328,27409,1,66,20,1,20,0,0,0,0,0,0,0,0,0,0,0,0
233,2065,1,234,10,1,10,0,0,0,0,0,0,0,0,0,0,0,0
366,3159,1,233,10,1,10,0,0,0,0,0,0,0,0,0,0,0,0
1390,11592,1,140,10,2,14,0,1,0,0,0,0,0,0,0,0,0,0
758,6540,1,230,14,1,14,1,0,0,0,0,0,0,0,0,0,0,0
175,1484,1,151,12,4,34,0,1,0,1,1,0,0,0,0,0,0,0
454,4073,1,76,22,1,22,0,0,0,1,0,0,0,0,0,0,0,0
335,2974,1,316,16,3,30,0,0,2,0,0,0,1,0,0,0,0,1
3068,25380,0,308,14,1,14,0,0,0,0,1,0,1,1,0,0,0,2
3128,25824,1,45,18,1,18,0,0,0,0,0,1,0,0,0,0,0,1
1037,8551,1,177,8,1,8,0,0,0,0,0,0,0,0,0,0,0,0
3053,25304,1,148,2,1,2,0,0,0,0,0,0,0,0,0,0,1,0
2436,20041,0,354,24,4,32,1,1,0,1,0,0,1,0,0,0,0,1
2216,18287,1,388,8,11,32,1,1,1,2,0,0,2,0,0,0,0,2
2091,17294,1,160,10,2,12,0,0,0,0,0,0,1,0,0,0,0,1
2973,24613,1,214,6,2,10,0,0,0,0,0,0,0,1,0,0,0,1
6,60,1,145,6,2,12,0,0,0,0,0,0,0,0,0,0,0,0
3887,32066,1,192,8,1,8,0,0,0,0,0,0,0,0,0,0,0,0
2741,22720,1,328,8,2,16,0,0,1,0,0,1,0,0,0,0,0,1
3305,27271,0,216,16,2,22,1,0,0,0,1,0,0,0,0,0,0,0
791,6726,0,451,6,11,68,2,2,2,0,2,0,0,1,1,0,0,2
496,4508,1,55,12,1,12,0,0,0,0,0,0,0,0,0,0,0,0
2832,23470,1,265,12,2,16,1,0,0,0,0,1,0,0,0,0,0,1
1640,13586,0,253,12,7,32,0,0,2,0,1,0,0,0,0,0,0,0
232,2062,0,363,14,7,42,1,2,1,1,1,0,1,0,0,0,0,1
3138,25917,1,215,2,2,8,0,0,0,0,0,0,0,0,0,0,0,0
1461,12121,1,232,30,1,30,0,0,0,0,0,1,0,0,0,0,0,1
3356,27712,1,141,4,1,4,0,0,0,0,0,0,0,0,0,0,0,0
3622,30050,1,166,8,1,8,0,0,0,0,0,0,0,0,0,0,0,0
776,6643,1,225,2,10,52,5,1,2,0,0,0,0,0,0,0,0,0
2796,23129,1,129,10,1,10,0,0,0,0,0,0,0,0,0,0,0,0
2942,24333,1,209,12,9,64,1,2,4,0,0,1,1,0,0,0,0,2
365,3155,1,424,10,11,64,0,4,2,1,0,1,2,0,0,0,0,3
2395,19634,0,235,12,1,12,0,0,0,0,0,0,1,0,0,0,0,1
3049,25275,1,291,6,2,8,0,0,0,0,0,1,1,0,0,0,0,2
2853,23586,1,184,6,1,6,0,0,0,0,0,0,0,0,0,0,0,0
1667,13779,0,296,12,1,12,0,0,0,0,0,0,0,1,0,0,0,1
2926,24153,1,179,22,8,40,2,0,2,1,0,0,0,0,0,0,0,0
2864,23652,1,173,16,9,40,4,3,0,0,2,3,0,0,0,0,0,3
3869,31920,1,222,34,2,40,0,0,1,0,0,0,0,0,0,0,0,0
912,7601,0,244,8,2,12,0,0,0,0,0,0,0,0,0,0,0,0
2509,20637,1,176,20,2,28,1,1,0,0,0,1,0,0,0,0,0,1
877,7324,1,310,10,2,14,0,0,0,1,0,0,0,0,0,0,0,0
1429,11888,1,65,14,1,14,1,0,0,0,0,0,0,0,0,0,0,0
1235,10314,1,282,10,7,28,0,2,1,1,1,1,0,0,0,0,0,1
2374,19446,1,315,20,2,26,0,0,0,0,2,0,1,0,0,0,0,1
502,4564,1,281,14,8,58,2,1,0,2,0,1,2,0,0,0,0,3
112,954,1,137,16,1,16,0,0,0,0,1,0,0,0,0,0,0,0
2947,24382,1,311,26,9,68,2,1,0,2,0,0,0,0,0,0,0,0
1642,13602,1,177,8,10,32,1,0,1,1,1,0,0,0,0,0,0,0
1749,14405,1,183,12,9,64,1,2,1,2,1,0,0,0,1,2,0,3
644,5777,1,137,18,2,20,1,0,0,0,0,0,1,0,0,0,0,1
348,3054,1,177,8,1,8,0,0,0,0,0,0,0,0,0,0,0,0
2060,17054,1,233,12,3,24,1,0,0,1,0,0,0,0,0,1,0,1
1782,14684,1,63,2,2,8,0,0,0,0,0,0,0,0,0,0,0,0
1223,10232,1,325,16,2,18,0,0,0,0,0,1,1,0,0,0,0,2
2549,21032,1,123,18,2,26,1,0,1,0,0,0,0,0,0,0,0,0
1044,8606,1,169,12,1,12,0,0,0,0,0,0,0,0,0,0,0,0
1851,15227,1,155,6,2,8,0,0,0,0,0,0,0,0,0,0,0,0
2185,18040,1,303,10,11,58,2,1,2,1,0,2,0,0,0,0,0,2
98,803,0,187,10,7,30,0,1,1,0,0,1,2,0,0,0,1,3
907,7575,1,302,6,12,40,1,1,2,0,0,1,2,0,0,0,0,3
3720,30927,1,350,12,8,50,2,1,1,1,1,0,1,0,1,0,0,2
2854,23598,0,297,30,1,30,1,0,0,0,0,0,0,0,0,0,0,0
1300,10850,1,193,34,11,82,5,0,3,0,0,2,1,1,0,2,0,6
2550,21033,1,63,12,2,16,0,0,0,0,0,0,0,0,0,0,0,0
3047,25260,1,85,16,4,34,1,0,0,1,0,1,0,0,0,0,0,1
1270,10656,1,313,16,12,62,2,3,0,1,2,1,3,0,0,0,0,4
821,6914,1,207,2,1,2,0,0,0,0,0,0,0,0,0,0,0,0
386,3412,0,404,28,11,88,3,1,1,0,2,1,3,0,0,0,0,4
2508,20635,1,56,10,2,14,0,1,0,0,0,1,0,0,0,0,0,1
1580,13104,0,292,16,5,38,2,0,1,0,0,2,0,1,0,0,0,3
979,8032,0,269,16,1,16,1,0,0,0,0,0,0,0,0,0,0,0
643,5772,1,200,26,1,26,1,0,0,0,0,0,0,0,0,0,0,0
1265,10602,1,194,10,3,16,0,0,1,0,0,0,0,0,0,0,0,0
1692,13966,1,185,30,1,30,0,0,1,0,0,0,0,0,0,0,1,0
551,5030,1,211,4,6,18,0,0,1,0,0,0,0,0,0,0,0,0
2623,21771,1,267,26,2,32,0,0,0,0,0,0,0,0,0,0,0,0
556,5049,1,217,12,1,12,0,0,0,0,0,0,0,0,0,0,0,0
3874,31952,1,208,10,1,10,0,0,0,0,0,0,1,0,0,0,0,1
3956,32623,0,270,6,8,50,2,0,2,1,0,0,0,0,0,0,0,0
3555,29520,1,82,2,1,2,0,0,0,0,0,0,1,0,0,0,0,1
2108,17410,0,311,36,1,36,0,0,0,0,0,1,1,0,0,0,0,2
272,2377,1,153,10,1,10,0,0,0,0,0,0,0,0,0,0,0,0
941,7771,1,18,24,1,24,0,0,0,0,1,0,0,0,0,0,0,0
3218,26506,1,206,36,3,52,0,0,1,1,0,0,1,0,0,0,0,1
3632,30151,0,76,12,4,32,2,0,0,1,0,1,0,1,0,0,0,2
1256,10530,1,27,20,1,20,0,0,0,0,0,0,1,0,0,0,0,1
2245,18489,1,274,10,1,10,0,0,0,0,0,0,0,0,0,0,0,0
1722,14211,1,223,18,1,18,0,0,0,1,0,0,1,0,0,0,0,1
2804,23258,1,297,10,8,36,1,1,1,2,1,1,0,0,0,0,0,1
2539,20961,1,213,12,1,12,0,0,0,0,0,0,0,0,0,0,0,0
1296,10835,1,235,2,10,52,2,2,2,0,0,0,2,0,0,0,1,2
736,6346,1,338,14,3,30,1,1,0,1,0,0,0,0,0,0,0,0
1367,11439,0,56,14,1,14,0,0,0,0,0,0,0,0,0,0,0,0
3013,24913,1,110,12,1,12,0,0,0,0,0,1,0,0,0,0,0,1
130,1103,1,205,4,2,6,0,0,0,0,0,0,0,0,0,0,0,0
1860,15351,0,234,6,2,14,1,0,0,0,0,0,0,0,0,0,0,0
2281,18701,0,419,14,8,56,1,2,0,1,0,0,2,0,0,1,0,3
1650,13688,0,250,14,1,14,0,0,0,0,0,0,0,0,0,0,0,0
2785,23053,1,311,32,9,56,6,0,2,1,0,0,0,0,0,0,0,0
2390,19573,1,198,8,2,14,0,0,0,1,0,1,0,0,0,0,0,1
2558,21116,0,240,14,2,20,0,0,1,0,0,0,0,0,0,0,1,0
1962,16246,0,320,6,11,34,1,2,2,2,0,0,0,0,0,0,1,0
3771,31250,1,67,14,4,26,1,0,1,0,0,0,0,0,0,0,0,0
2123,17536,1,89,16,1,16,0,0,0,0,1,1,0,0,0,0,1,1
2418,19884,1,22,6,1,6,0,0,0,0,0,0,0,0,0,0,0,0
632,5713,1,19,16,1,16,1,0,0,0,0,0,0,0,0,0,0,0
751,6479,1,259,10,2,16,0,0,1,0,0,0,0,0,0,0,0,0
2530,20882,1,108,10,1,10,0,0,0,0,0,0,0,0,0,0,0,0
608,5485,0,66,10,2,16,0,0,1,0,0,0,0,0,0,0,0,0
75,594,1,193,16,2,20,1,0,0,0,0,1,0,0,0,0,0,1
2154,17770,0,298,12,1,12,0,0,0,0,0,0,1,0,0,0,0,1
2149,17745,1,199,12,6,38,0,0,1,1,1,0,1,0,0,0,0,1
1116,9370,1,75,10,2,16,1,0,0,0,0,0,0,0,0,0,0,0
1001,8254,0,238,8,2,12,0,0,0,0,0,0,0,0,0,0,0,0
2304,18922,0,364,16,8,58,2,1,2,1,0,0,0,0,0,0,0,0
1651,13690,0,311,12,2,16,1,0,0,0,0,0,0,1,0,0,0,1
2629,21821,0,314,10,3,18,0,0,0,0,1,1,0,0,0,0,0,1
634,5722,1,354,4,12,48,2,2,0,3,0,0,2,0,0,0,0,2
1182,9894,0,224,12,2,16,1,0,0,0,0,0,0,0,0,0,0,0
1161,9737,1,270,10,1,10,0,0,0,0,0,0,0,0,0,0,0,0
1479,12298,1,224,10,6,36,2,0,1,1,0,1,0,0,0,0,0,1
2027,16773,1,299,14,2,18,1,0,0,0,0,0,0,0,0,0,0,0
3226,26571,1,163,28,1,28,0,0,1,0,0,0,3,0,0,0,0,3
2905,23949,1,145,14,8,42,3,2,1,1,0,0,0,0,0,1,0,1
1153,9703,0,20,10,1,10,0,0,0,0,0,0,0,0,0,0,1,0
3768,31237,1,152,34,7,56,1,1,3,0,1,0,0,0,0,0,0,0
2479,20395,0,222,14,2,22,1,0,1,0,0,0,1,0,0,0,0,1
1575,13032,1,346,32,10,58,2,1,1,1,3,0,1,0,0,0,0,1
2190,18083,0,151,34,10,66,1,1,3,0,1,0,0,0,0,0,0,0
3616,30011,1,20,22,1,22,1,0,0,0,0,0,0,0,0,0,0,0
3239,26674,1,235,6,1,6,0,0,0,0,0,0,0,0,0,0,0,0
1462,12142,0,415,16,10,70,3,1,1,1,1,0,3,0,0,0,0,3
303,2684,1,267,16,2,18,0,0,2,0,0,0,0,0,0,0,0,0
888,7408,1,264,2,1,2,0,0,0,0,0,0,0,0,0,0,0,0
2416,19868,1,342,22,9,70,2,2,4,0,0,0,3,0,1,0,0,4
2111,17429,1,88,10,2,16,0,0,1,0,0,1,0,0,0,0,0,1
211,1815,1,73,12,2,18,0,1,0,0,0,0,0,0,0,0,0,0
618,5605,0,76,20,1,20,0,0,0,0,0,0,1,0,0,0,0,1
661,5893,0,159,20,2,24,0,0,0,1,0,1,0,0,0,0,0,1
770,6609,0,127,12,1,12,0,0,0,0,0,0,0,0,0,0,0,0
2525,20817,0,421,14,9,66,2,0,1,0,0,1,2,0,0,0,0,3
2871,23678,1,126,14,1,14,0,0,0,1,0,0,0,0,0,0,0,0
473,4288,1,317,12,9,38,1,1,2,1,1,1,1,0,0,0,0,2
419,3710,0,163,6,2,14,1,0,0,0,0,0,0,0,0,0,0,0
3543,29434,1,174,8,2,14,0,1,0,0,0,0,1,0,0,0,0,1
2543,20990,1,299,10,2,14,0,1,0,0,0,0,0,0,0,0,0,0
385,3407,1,180,4,2,6,0,0,0,0,0,0,0,0,0,0,0,0
3318,27341,0,225,16,1,16,0,0,1,0,0,3,0,0,0,0,0,3
2813,23299,1,272,10,11,70,2,2,1,2,1,0,2,1,0,1,0,4
3164,26081,0,133,12,5,38,0,1,2,1,0,0,0,0,0,0,0,0
2505,20606,1,103,30,1,30,1,0,0,0,0,0,0,0,0,0,0,0
3326,27406,1,355,16,5,32,0,1,2,1,1,0,1,0,0,0,0,1
3980,32835,1,123,16,6,44,2,0,0,0,0,0,1,1,0,0,0,2
2758,22795,1,74,8,1,8,0,0,0,0,0,0,0,0,0,0,0,0
2088,17271,1,69,14,1,14,0,0,1,0,0,0,0,0,0,0,0,0
687,6059,1,53,14,1,14,0,0,1,0,0,0,0,0,0,0,0,0
630,5708,1,242,10,1,10,0,0,0,0,0,0,0,0,0,0,0,0
226,1962,0,61,10,3,20,2,0,0,0,0,0,0,0,0,0,0,0
305,2699,1,284,10,5,20,0,1,2,0,1,0,0,0,0,0,0,0
2073,17162,1,217,14,1,14,0,0,1,0,0,0,1,0,0,0,0,1
308,2727,0,192,12,1,12,0,0,0,0,0,0,0,0,0,0,0,0
1168,9809,0,251,8,6,36,2,0,0,1,1,1,0,0,0,0,0,1
2489,20495,0,372,8,5,32,0,1,1,1,0,1,1,0,0,0,0,2
1125,9484,0,254,12,9,64,0,2,1,1,0,2,2,1,0,2,1,7
897,7473,0,69,32,2,38,0,0,0,0,1,1,0,0,0,0,0,1
930,7726,0,151,16,2,22,0,0,1,0,1,0,0,0,0,0,0,0
2768,22898,1,367,26,8,66,0,1,4,2,0,0,3,0,0,0,0,3
1882,15536,1,270,16,5,40,1,1,2,0,0,0,0,0,0,0,0,0
619,5610,1,297,34,12,94,1,0,7,1,2,1,0,0,0,0,0,1
1621,13426,0,86,8,1,8,0,0,0,0,0,0,0,0,0,0,0,0
1069,8955,0,35,10,2,12,0,0,0,0,0,0,0,0,0,0,0,0
2869,23675,0,133,14,1,14,0,0,1,0,0,0,0,0,0,0,0,0
340,3012,1,256,16,4,36,2,0,0,1,0,1,0,0,0,0,0,1
3272,26980,1,190,8,2,16,1,0,0,0,0,0,0,0,0,0,0,0
1167,9798,1,71,4,1,4,0,0,0,0,0,0,0,0,0,0,0,0
1898,15711,1,327,14,7,52,0,0,1,2,0,1,1,0,0,0,1,2
1766,14568,0,270,16,1,16,0,1,0,0,0,0,0,0,0,0,0,0
2755,22779,1,227,8,10,56,2,0,1,2,1,0,0,0,0,0,0,0
2023,16713,0,326,8,2,14,0,1,0,0,0,0,1,0,0,0,0,1
997,8235,1,226,32,7,58,2,1,0,1,0,2,1,0,0,1,0,4
16,121,1,256,14,9,58,2,0,3,0,1,1,2,1,1,1,0,6
3450,28575,1,240,26,2,32,1,0,0,0,0,0,0,0,0,0,0,0
2615,21714,0,122,10,2,18,1,0,0,0,0,0,0,0,0,0,1,0
2458,20183,0,171,6,6,34,0,0,1,1,0,0,0,0,0,0,0,0
859,7164,0,254,24,1,24,0,1,0,0,0,0,0,0,0,0,0,0
2024,16716,1,239,10,9,46,1,1,0,1,0,0,2,0,0,0,0,2
94,764,0,253,2,1,2,0,0,0,0,0,0,0,0,0,0,0,0
451,4049,1,59,8,1,8,0,0,0,0,0,0,0,0,0,0,0,0
1877,15490,1,380,22,6,54,2,0,1,1,0,0,0,0,0,0,0,0
2512,20641,1,270,16,1,16,0,1,0,0,0,0,0,0,0,0,0,0
1115,9363,1,133,16,3,22,1,1,0,0,0,0,1,0,0,0,0,1
2453,20131,1,328,10,3,16,0,0,1,0,1,0,0,0,0,0,0,0
